,POI_id,longitude,latitude
0,413ba880f964a520111c1fe3,-112.11762399999999,33.641348
1,413ba880f964a520131c1fe3,-112.06419199999999,33.538693
2,413ba880f964a5201e1c1fe3,-112.071748,33.448301
3,413ba880f964a520251b1fe3,-112.056023,33.431538
4,413ba880f964a5202e1b1fe3,-112.06106299999999,33.509699
5,413ba880f964a520311b1fe3,-112.06903,33.485847
6,413ba880f964a5206f1b1fe3,-112.08395700000001,33.496386
7,413ba880f964a520741b1fe3,-112.0741,33.497727000000005
8,413ba880f964a520751b1fe3,-112.020451,33.496178
9,413ba880f964a5208b1b1fe3,-112.074087,33.479787
10,413ba880f964a5208c1b1fe3,-112.06958300000001,33.451732
11,413ba880f964a520a11b1fe3,-112.012525,33.612761
12,413ba880f964a520ae1b1fe3,-112.074366,33.435272999999995
13,413ba880f964a520b41b1fe3,-112.071453,33.448643
14,413ba880f964a520b71b1fe3,-112.047348,33.457618
15,413ba880f964a520c31b1fe3,-112.118742,33.579439
16,413ba880f964a520c51b1fe3,-112.08293799999998,33.48733
17,413ba880f964a520d01b1fe3,-112.06331499999999,33.447369
18,413ba880f964a520d81b1fe3,-112.07153899999999,33.449613
19,413ba880f964a520db1b1fe3,-111.973998,33.451369
20,413ba880f964a520e21b1fe3,-112.154004,33.6401
21,413ba880f964a520ef1b1fe3,-112.06565400000001,33.449168
22,413ba880f964a520f11a1fe3,-112.072225,33.444806
23,413ba880f964a520f41b1fe3,-112.074223,33.459813
24,413ba880f964a520f81a1fe3,-112.064617,33.521741999999996
25,41463480f964a520b71c1fe3,-112.07028899999999,33.63684600000001
26,414b7a80f964a520d01c1fe3,-112.074053,33.500469
27,42474900f964a52084201fe3,-112.16121100000001,33.608982
28,42f6a080f964a520d0261fe3,-112.16608400000001,33.638726
29,4303cf80f964a52013271fe3,-111.983728,33.60250300000001
30,449e9fb9f964a520c0341fe3,-112.00306599999999,33.435624
31,44c8c318f964a520ed351fe3,-112.07343200000001,33.491616
32,44e09b30f964a520fd361fe3,-112.01408,33.5112
33,44e0a40bf964a52005371fe3,-111.964974,33.385371
34,44e119a0f964a52014371fe3,-112.064652,33.50273
35,4651c0a2f964a520dd461fe3,-112.124298,33.666746999999994
36,46604c34f964a5205f471fe3,-112.069473,33.458692
37,466827eaf964a5208c471fe3,-112.06776699999999,33.458228000000005
38,4729fd2af964a520e94b1fe3,-112.04318500000001,33.545219
39,472eda7ef964a520094c1fe3,-112.066748,33.445515
40,472edc25f964a5200a4c1fe3,-112.072349,33.457457
41,472f0b7ff964a520104c1fe3,-111.95536899999999,33.448946
42,472f0d5df964a520114c1fe3,-112.013512,33.510556
43,472f0debf964a520124c1fe3,-112.069194,33.453571999999994
44,472f0ea0f964a520134c1fe3,-112.09437199999999,33.521109
45,473077ddf964a520204c1fe3,-112.152514,33.639683000000005
46,47398593f964a520514c1fe3,-112.043705,33.508992
47,47e9a02ef964a5205f4e1fe3,-112.01533400000001,33.466021999999995
48,48ba73f9f964a520ca511fe3,-112.066129,33.448819
49,48ba760cf964a520cb511fe3,-111.944598,33.46244
50,4a2f4efff964a520c0981fe3,-112.053599,33.570124
51,4a3020daf964a52024991fe3,-112.070086,33.452396
52,4a3260c4f964a520449a1fe3,-112.094291,33.68450900000001
53,4a32c3b1f964a5208b9a1fe3,-112.06092199999999,33.572303000000005
54,4a332e5df964a5200e9b1fe3,-111.96546799999999,33.385264
55,4a336759f964a5202b9b1fe3,-112.079218,33.491074
56,4a358186f964a520139d1fe3,-112.18733999999999,33.637685999999995
57,4a36a0d2f964a520c49d1fe3,-112.099548,33.48525
58,4a36a589f964a520ca9d1fe3,-112.168343,33.46091
59,4a384af6f964a520de9e1fe3,-112.185125,33.639156
60,4a3854cbf964a520e99e1fe3,-111.948838,33.431816999999995
61,4a395979f964a5205d9f1fe3,-112.02773799999999,33.510252
62,4a3c61d2f964a52077a11fe3,-112.04722199999999,33.523920000000004
63,4a3d3399f964a520f2a11fe3,-112.056242,33.55271
64,4a3d9447f964a52077a21fe3,-112.02861899999999,33.510539
65,4a3d9cdaf964a5208ba21fe3,-111.949053,33.451853
66,4a3e8accf964a52009a31fe3,-112.08060400000001,33.480043
67,4a3eb5ccf964a52055a31fe3,-112.073128,33.467583000000005
68,4a3fdf4cf964a52004a41fe3,-112.079923,33.454991
69,4a417184f964a52050a51fe3,-112.262077,33.539034
70,4a418b08f964a52068a51fe3,-112.07500900000001,33.483429
71,4a418de3f964a5206ba51fe3,-112.07470900000001,33.48393
72,4a4256b0f964a520c2a51fe3,-112.06493700000001,33.558823
73,4a429f4df964a5200aa61fe3,-112.06545700000001,33.449539
74,4a440fe8f964a52018a71fe3,-112.03881399999999,33.510303
75,4a44539df964a52075a71fe3,-112.07304099999999,33.449018
76,4a44f633f964a5209fa71fe3,-112.06553600000001,33.465338
77,4a44fe95f964a520a4a71fe3,-112.039373,33.506221999999994
78,4a465d77f964a520c1a81fe3,-112.072336,33.455872
79,4a46624ff964a520cba81fe3,-112.028908,33.51027
80,4a46d6f7f964a5208ea91fe3,-112.07222,33.509996
81,4a46e28cf964a5209ea91fe3,-112.073416,33.492596
82,4a47e547f964a52043aa1fe3,-112.06546100000001,33.576243
83,4a47ecabf964a5204faa1fe3,-112.022567,33.52349
84,4a492ee6f964a52012ab1fe3,-112.037929,33.507195
85,4a4a4729f964a520a4ab1fe3,-112.07415,33.509479
86,4a4abb64f964a52023ac1fe3,-111.989822,33.600483000000004
87,4a4be2b9f964a520d4ac1fe3,-112.201485,33.63718
88,4a4d0858f964a52079ad1fe3,-111.99574299999999,33.502227000000005
89,4a4d18f4f964a5208aad1fe3,-112.07419499999999,33.500596
90,4a4ea188f964a520d6ae1fe3,-112.079237,33.491267
91,4a4f71bbf964a52052af1fe3,-112.082852,33.465356
92,4a50168af964a520f5af1fe3,-112.075296,33.508651
93,4a501cd2f964a520f9af1fe3,-112.069373,33.498401
94,4a52a9d7f964a520deb11fe3,-112.261348,33.535332000000004
95,4a52c836f964a52001b21fe3,-112.26163600000001,33.53313
96,4a53aefbf964a5209db21fe3,-111.986084,33.510723
97,4a53c00af964a520b1b21fe3,-112.08299699999999,33.488921000000005
98,4a5532acf964a520d5b31fe3,-112.074409,33.453321
99,4a563a04f964a520cab41fe3,-112.127044,33.666863
100,4a569b81f964a52085b51fe3,-112.18173999999999,33.638490000000004
101,4a56bc73f964a520b9b51fe3,-112.03707800000001,33.505251
102,4a575fa8f964a5200cb61fe3,-112.07229299999999,33.453265
103,4a57f364f964a52021b71fe3,-112.08386399999999,33.4975
104,4a57f5b2f964a52026b71fe3,-112.07958500000001,33.444809
105,4a58d329f964a520fab71fe3,-112.074607,33.509559
106,4a593b53f964a5200eb91fe3,-112.00863000000001,33.641509
107,4a595b91f964a5204bb91fe3,-112.074183,33.506915
108,4a5dfb09f964a520dabd1fe3,-112.013547,33.511015
109,4a5e773bf964a520a0be1fe3,-112.037276,33.506888000000004
110,4a5f6187f964a5207cbf1fe3,-112.01879,33.385049
111,4a5f7f5df964a520b9bf1fe3,-111.98829599999999,33.495283
112,4a5f8353f964a520c2bf1fe3,-111.984715,33.477308
113,4a5fcb9cf964a5203cc01fe3,-112.074079,33.512667
114,4a60dd04f964a52054c11fe3,-112.1231,33.581452
115,4a62142bf964a520ffc21fe3,-112.12383,33.609576000000004
116,4a621755f964a5200fc31fe3,-112.028102,33.510872
117,4a63910ff964a52053c51fe3,-112.273278,33.456544
118,4a64ad1ef964a52078c61fe3,-111.98817,33.495785999999995
119,4a66768cf964a52097c81fe3,-112.07553,33.452909999999996
120,4a6695cbf964a520c0c81fe3,-112.047951,33.490891
121,4a68b323f964a520d8ca1fe3,-112.116437,33.576254999999996
122,4a6a5ba8f964a52039cd1fe3,-112.115982,33.587837
123,4a6a8c3ff964a520b9cd1fe3,-112.260967,33.533856
124,4a6b279df964a52010ce1fe3,-112.04581499999999,33.508712
125,4a6b58bbf964a52087ce1fe3,-112.072686,33.472528000000004
126,4a6b9c29f964a5205acf1fe3,-112.08276299999999,33.5007
127,4a6bc518f964a520e7cf1fe3,-112.12998999999999,33.51126
128,4a6cb933f964a5206ad11fe3,-112.18168600000001,33.552696000000005
129,4a6cc843f964a520a0d11fe3,-111.964846,33.382863
130,4a6d07d2f964a52060d21fe3,-111.9505,33.439353000000004
131,4a6d15c2f964a5207ed21fe3,-112.082844,33.517384
132,4a6d2102f964a52094d21fe3,-111.96644599999999,33.377807000000004
133,4a6dd40af964a52018d31fe3,-112.071724,33.509599
134,4a6e0116f964a5209bd31fe3,-112.120628,33.667497
135,4a6e2bc0f964a52021d41fe3,-112.08303500000001,33.509339000000004
136,4a6e737df964a520c9d41fe3,-111.96163500000002,33.39195
137,4a6faf31f964a520d1d61fe3,-112.079365,33.448631
138,4a6ff0e5f964a52025d71fe3,-112.04674299999999,33.523192
139,4a70a2b3f964a52005d81fe3,-112.064866,33.470911
140,4a711bb6f964a52021d91fe3,-112.20352199999999,33.539086
141,4a71411af964a52032d91fe3,-112.16961599999999,33.500715
142,4a7148fff964a52035d91fe3,-112.20165300000001,33.493665
143,4a72057af964a52025da1fe3,-111.984973,33.473943
144,4a74e9daf964a520fedf1fe3,-112.06985,33.494359
145,4a750c0af964a52060e01fe3,-112.069722,33.449222
146,4a75d95bf964a5206ce11fe3,-112.01479199999999,33.511102
147,4a7620dbf964a52054e21fe3,-112.09548000000001,33.522793
148,4a7a401ff964a520fce81fe3,-112.023147,33.539612
149,4a7bc3dff964a520c4eb1fe3,-112.260875,33.533124
150,4a7cc599f964a52097ed1fe3,-111.97244199999999,33.529196
151,4a7cfa69f964a52035ee1fe3,-112.071551,33.458482000000004
152,4a7d1893f964a5207eee1fe3,-112.074298,33.450249
153,4a7d9a16f964a520e7ee1fe3,-112.05742099999999,33.537955
154,4a7ddc14f964a520eeef1fe3,-112.09108300000001,33.479893
155,4a7e10def964a520d8f01fe3,-111.98646799999999,33.478489
156,4a7e52bbf964a520c3f11fe3,-112.064828,33.666202
157,4a7e8cb4f964a52000f21fe3,-112.172256,33.496081
158,4a7e8dc5f964a52001f21fe3,-112.22289599999999,33.470614000000005
159,4a7f61d9f964a520daf31fe3,-112.266476,33.510413
160,4a7f95b2f964a5205bf41fe3,-112.02791,33.510127000000004
161,4a7fa1f6f964a5206af41fe3,-111.995038,33.494507
162,4a808005f964a5207af51fe3,-112.075465,33.487871999999996
163,4a81b99ef964a52062f71fe3,-112.100206,33.626714
164,4a81bc28f964a52069f71fe3,-112.07179599999999,33.4484
165,4a81f893f964a52028f81fe3,-111.946789,33.421621
166,4a821194f964a52073f81fe3,-112.22489099999999,33.476914
167,4a826b71f964a5202bf91fe3,-112.18996399999999,33.571064
168,4a828816f964a52038f91fe3,-112.218647,33.475398
169,4a828b13f964a52039f91fe3,-112.18756599999999,33.581153
170,4a82c5cdf964a52054f91fe3,-111.98801999999999,33.448165
171,4a837a65f964a5203ffb1fe3,-112.13691499999999,33.390549
172,4a847c90f964a520bcfc1fe3,-111.97206499999999,33.37896
173,4a84fdf5f964a520fcfd1fe3,-112.09813899999999,33.520897
174,4a862dcff964a520ac0020e3,-112.023554,33.494772
175,4a86ed82f964a520ab0120e3,-112.184701,33.636828
176,4a86f983f964a520e30120e3,-112.1327,33.538819000000004
177,4a8a0851f964a520b50920e3,-112.12423799999999,33.666381
178,4a8da025f964a5204b1020e3,-112.27988700000002,33.466497
179,4a8deb48f964a5206f1120e3,-112.06023300000001,33.509523
180,4a8f680ef964a520311520e3,-112.01465300000001,33.454395
181,4a901a25f964a520021620e3,-112.147466,33.61045
182,4a902c98f964a520571620e3,-112.26104699999999,33.533293
183,4a904838f964a520061720e3,-112.26229199999999,33.553806
184,4a918c24f964a520a51a20e3,-112.073594,33.452994
185,4a93021ff964a5207b1e20e3,-111.98665700000001,33.495719
186,4a93e34cf964a520ec1f20e3,-112.074537,33.451746
187,4a946353f964a520692120e3,-111.95626000000001,33.442273
188,4a9586d9f964a520832320e3,-112.101059,33.554056
189,4a959b44f964a520db2320e3,-112.278374,33.465412
190,4a9849f1f964a520542b20e3,-112.08242800000001,33.488667
191,4a99627cf964a5200d2e20e3,-112.047937,33.513409
192,4a997691f964a520722e20e3,-111.983433,33.604661
193,4a998686f964a520dc2e20e3,-112.036194,33.597181
194,4a9a8cf3f964a520d63120e3,-112.072402,33.466662
195,4a9acd1bf964a520cb3220e3,-111.97885900000001,33.584752
196,4a9bd3e9f964a5204b3520e3,-112.08306599999999,33.494162
197,4a9c062ff964a520c33520e3,-112.07401899999999,33.475484
198,4a9c3627f964a520713620e3,-112.04632,33.510502
199,4a9dc44cf964a520513920e3,-111.951027,33.454073
200,4a9ea594f964a520c23a20e3,-112.06930200000001,33.446263
201,4a9f6130f964a520213d20e3,-112.09891299999998,33.509599
202,4aa16091f964a520754020e3,-111.977777,33.393262
203,4aa54800f964a520d64720e3,-112.101021,33.554575
204,4aa576f9f964a5207b4820e3,-111.977231,33.583543
205,4aa59b61f964a520ef4820e3,-112.06922800000001,33.451890999999996
206,4aa5af0df964a520274920e3,-112.09798,33.683223999999996
207,4aa9a520f964a520ac5420e3,-112.27317,33.46432
208,4aa9bf84f964a520285520e3,-112.12010900000001,33.638785
209,4aabe4a4f964a520bb5a20e3,-112.073815,33.464762
210,4aac3e01f964a520135d20e3,-112.114085,33.612414
211,4aac55e1f964a5208b5d20e3,-112.08228600000001,33.641594
212,4aad44acf964a520615f20e3,-112.20248400000001,33.666983
213,4aaebc5ff964a520146320e3,-112.081647,33.465548999999996
214,4ab29e1df964a520a76b20e3,-112.04253999999999,33.509526
215,4ab29eb7f964a520aa6b20e3,-111.94549199999999,33.422177000000005
216,4ab2e787f964a520e96c20e3,-111.997848,33.435345
217,4ab2eb9df964a520fe6c20e3,-112.290406,33.478448
218,4ab2ee42f964a520066d20e3,-112.04032600000001,33.509485999999995
219,4ab3a310f964a520e66d20e3,-112.02958000000001,33.448175
220,4ab3a524f964a520ec6d20e3,-112.07073500000001,33.448364
221,4ab3bf0ef964a520436e20e3,-111.98620700000001,33.473723
222,4ab68a4cf964a520b27720e3,-112.07573899999998,33.459516
223,4ab69ab4f964a520167820e3,-112.269732,33.423418
224,4ab69abbf964a520177820e3,-112.07398400000001,33.463399
225,4ab6ac14f964a520857820e3,-112.043605,33.50977
226,4ab73543f964a520cf7920e3,-111.97714599999999,33.444387
227,4ab906b1f964a520bb7d20e3,-112.089171,33.483107000000004
228,4ab918c4f964a520fb7d20e3,-112.06686599999999,33.445671000000004
229,4ab98e8af964a520df7f20e3,-112.04628799999999,33.51028400000001
230,4aba4c07f964a520c78020e3,-112.01550300000001,33.410859
231,4abbac1ff964a520528420e3,-112.27396499999999,33.466497
232,4abc18b8f964a520598620e3,-112.07380500000001,33.47382
233,4abc36b4f964a520cc8620e3,-112.073851,33.480637
234,4abcdca5f964a5207c8720e3,-112.067452,33.493958
235,4abce4aef964a520948720e3,-112.07503799999999,33.483307
236,4abce91ef964a520a98720e3,-112.185732,33.652513
237,4abd5667f964a520cb8920e3,-112.073931,33.448853
238,4abdee78f964a520838b20e3,-112.081581,33.488271999999995
239,4abe42a0f964a520468c20e3,-112.275596,33.463561
240,4abe9a5ef964a520c78e20e3,-112.00313100000001,33.495459000000004
241,4abf8218f964a520ef9020e3,-112.047133,33.523467
242,4abfba97f964a520e19120e3,-112.260361,33.553913
243,4abfdcbaf964a520a99220e3,-112.047058,33.506153000000005
244,4ac15aebf964a520e19620e3,-112.07398300000001,33.506266
245,4ac15d3bf964a520e89620e3,-112.02855,33.511171999999995
246,4ac199f3f964a520909720e3,-112.065276,33.509482
247,4ac3ae33f964a520599c20e3,-112.065428,33.488547
248,4ac3babef964a520959c20e3,-112.274231,33.464326
249,4ac56886f964a520e8b120e3,-112.21886699999999,33.466008
250,4ac79ab7f964a52064b820e3,-112.074223,33.459367
251,4ac7ab7df964a520f4b820e3,-112.07964399999999,33.481961
252,4ac83ceef964a520fbbb20e3,-112.03178100000001,33.379157
253,4ac9b010f964a5201dc020e3,-112.035629,33.3783
254,4acb08daf964a5203cc320e3,-111.97916799999999,33.377804
255,4acb5a15f964a52089c320e3,-112.047595,33.523759999999996
256,4acc99c3f964a52010c920e3,-111.985665,33.510441
257,4acce6b3f964a520f4c920e3,-111.96234799999999,33.406227
258,4ace7c67f964a520d2d020e3,-112.15129099999999,33.65412
259,4acea933f964a5209ad120e3,-112.07151200000001,33.458821
260,4acf3fe9f964a520e5d220e3,-112.075071,33.447728000000005
261,4ad0cde5f964a520f6d920e3,-111.953119,33.421601
262,4ad0df7bf964a520a0da20e3,-112.063041,33.56608
263,4ad11910f964a520bbdc20e3,-112.16719599999999,33.638697
264,4ad2b28ef964a52082e220e3,-111.970169,33.421426000000004
265,4ad4d55af964a5201cfc20e3,-111.96111299999998,33.392472
266,4ad4df6cf964a5205dfc20e3,-111.99405,33.4953
267,4ad53605f964a520610221e3,-112.033103,33.378347
268,4ad76fe1f964a520670a21e3,-111.951742,33.422727
269,4ad88a33f964a520241221e3,-112.079206,33.494285999999995
270,4ada2402f964a520001f21e3,-111.966305,33.378741999999995
271,4ada266cf964a520281f21e3,-112.27408899999999,33.507158000000004
272,4ada6a3bf964a520672221e3,-112.121531,33.579912
273,4ada74daf964a520c02221e3,-112.11876200000002,33.572616
274,4ada8485f964a520312321e3,-112.07066599999999,33.451021000000004
275,4adb4563f964a5206d2521e3,-112.037155,33.53286
276,4adb6b33f964a5203a2721e3,-112.02004199999999,33.495870000000004
277,4adb92fdf964a520192921e3,-112.17089299999999,33.638675
278,4adcaf19f964a520b82e21e3,-112.125703,33.573926
279,4adcd7bdf964a520633021e3,-112.040377,33.435559999999995
280,4add0ed9f964a520d26321e3,-112.042313,33.507914
281,4add25cbf964a5204a6421e3,-111.984477,33.510121000000005
282,4ade7633f964a520037621e3,-112.09548000000001,33.521415000000005
283,4adf5c9ff964a520e47921e3,-111.96403000000001,33.377595
284,4adfc963f964a5206e7d21e3,-111.98626000000002,33.604076
285,4ae0a43af964a520318121e3,-112.098983,33.579529
286,4ae1c10cf964a5202a8721e3,-111.955506,33.442277000000004
287,4ae1c1b0f964a520318721e3,-112.15148300000001,33.452046
288,4ae2007ff964a520ab8921e3,-112.12491299999999,33.581505
289,4ae22eb3f964a520898b21e3,-112.08526699999999,33.510735
290,4ae24456f964a5209c8c21e3,-112.064925,33.653674
291,4ae33881f964a520de9121e3,-112.07483400000001,33.483599
292,4ae3c670f964a520db9821e3,-112.073977,33.459222
293,4ae4899af964a5206a9b21e3,-112.074505,33.487849
294,4ae4b347f964a520409d21e3,-112.03243700000002,33.466032
295,4ae4e91bf964a5205a9f21e3,-112.057221,33.551302
296,4ae4eff0f964a5208e9f21e3,-112.00068,33.479456
297,4ae5e789f964a52007a321e3,-112.082981,33.465472
298,4ae706ccf964a52004a821e3,-111.997848,33.435381
299,4ae726bff964a520e5a821e3,-112.10184699999999,33.53818
300,4ae78dc4f964a52057ac21e3,-112.07314299999999,33.450896
301,4ae79068f964a5206dac21e3,-112.046388,33.459686
302,4ae892bcf964a52086b021e3,-112.0722,33.465655
303,4ae8ef69f964a52085b321e3,-112.01364099999999,33.511139
304,4ae9cd0ff964a5208fb621e3,-112.07389099999999,33.486813
305,4aea537cf964a52006bb21e3,-112.022827,33.523466
306,4aea8432f964a520c6bb21e3,-112.003579,33.48002
307,4aeb02bbf964a5202fbd21e3,-112.067553,33.46622
308,4aeb60a1f964a52086c121e3,-112.073571,33.464127000000005
309,4aeb6f0ef964a52003c221e3,-112.069929,33.466103000000004
310,4aec5a3ff964a52043c621e3,-111.976478,33.583309
311,4aec5f71f964a52071c621e3,-112.099745,33.520454
312,4aec87edf964a52057c821e3,-112.073802,33.495619
313,4aedbd7cf964a52079ce21e3,-112.00911599999999,33.567731
314,4aedc960f964a520eace21e3,-112.27033899999999,33.554682
315,4aef6feaf964a52071d821e3,-112.276331,33.465203
316,4aef7656f964a520a5d821e3,-112.10006000000001,33.655136999999996
317,4af03138f964a520b2da21e3,-112.070421,33.639177000000004
318,4af1a005f964a520aae121e3,-111.960595,33.421411
319,4af24a7cf964a52031e721e3,-112.27651100000001,33.464325
320,4af25bccf964a52086e721e3,-111.97862099999999,33.596748
321,4af5ccebf964a52004fd21e3,-112.072884,33.462897
322,4af6411cf964a520a80222e3,-112.06504199999999,33.64193
323,4af74469f964a520c90722e3,-112.061228,33.509489
324,4afaf3b8f964a520cd1922e3,-112.04708000000001,33.507477
325,4afb07d9f964a5207a1a22e3,-112.039819,33.507425
326,4afc304cf964a520692022e3,-112.017954,33.494752000000005
327,4afcaba0f964a520f32422e3,-112.08306699999999,33.494488
328,4afcee2cf964a520932622e3,-112.065886,33.50898
329,4afdbaa6f964a520462a22e3,-112.06598000000001,33.442442
330,4afe4c5af964a5201e2f22e3,-112.18633100000001,33.672159
331,4aff0f06f964a5209e3322e3,-111.964869,33.37898
332,4aff1b00f964a5204f3422e3,-112.03531299999999,33.436240000000005
333,4aff5de3f964a520d53722e3,-112.11438700000001,33.538321999999994
334,4b003135f964a520553b22e3,-112.131998,33.581379999999996
335,4b0048b1f964a5204f3c22e3,-112.041049,33.507808000000004
336,4b007529f964a520733e22e3,-112.068901,33.494524
337,4b016de3f964a5207e4222e3,-112.028167,33.670943
338,4b01ba4ff964a520e24422e3,-111.986695,33.466266
339,4b020844f964a520554722e3,-111.988023,33.509394
340,4b03a699f964a520f94f22e3,-112.125464,33.667933000000005
341,4b0487cff964a520ea5422e3,-112.072327,33.459286999999996
342,4b055fd4f964a520fa5722e3,-112.06589199999999,33.466275
343,4b05a88ff964a52064e022e3,-112.046155,33.510262
344,4b060634f964a520abe722e3,-112.12253999999999,33.581379999999996
345,4b0619a0f964a520a4e822e3,-112.047896,33.538837
346,4b06ecfbf964a5203ef322e3,-112.056053,33.451278
347,4b0761f1f964a520effc22e3,-112.070503,33.639687
348,4b082213f964a5207c0423e3,-112.04078799999999,33.508136
349,4b083063f964a520d00523e3,-112.064884,33.574746999999995
350,4b085fe0f964a520640a23e3,-112.038503,33.599775
351,4b086c5df964a5208b0b23e3,-111.989286,33.599920000000004
352,4b0872a6f964a520160c23e3,-112.179379,33.609794
353,4b089b8df964a520590f23e3,-112.07064299999999,33.44889000000001
354,4b08a1b2f964a520e00f23e3,-112.045634,33.510046
355,4b08a5caf964a520351023e3,-112.06922800000001,33.452809
356,4b08b11bf964a520d81023e3,-112.042651,33.508098
357,4b08cecff964a520781223e3,-111.995772,33.510101
358,4b09a86ef964a520221b23e3,-112.013023,33.39094
359,4b0a01ecf964a520042123e3,-112.096375,33.448143
360,4b0ab6f9f964a520d12623e3,-112.077826,33.673746
361,4b0af317f964a520932a23e3,-111.95535100000001,33.442609999999995
362,4b0b3af5f964a520152f23e3,-112.09855800000001,33.553903999999996
363,4b0c4a7cf964a520943a23e3,-112.073396,33.453621000000005
364,4b0c65c6f964a520733c23e3,-112.13491499999999,33.551107
365,4b0c7246f964a520753d23e3,-112.072392,33.453571999999994
366,4b0dc7ebf964a520055023e3,-111.984873,33.478967
367,4b0defbcf964a520e55223e3,-112.028195,33.511107
368,4b0eff2ff964a520ce5d23e3,-112.000042,33.450748
369,4b0fddbaf964a5209f6523e3,-112.118253,33.609909
370,4b103071f964a520dc6a23e3,-112.12143700000001,33.580612
371,4b110ff3f964a520d47723e3,-112.27333300000001,33.508708
372,4b1163bef964a5207c7b23e3,-112.07351799999999,33.456025
373,4b11aa19f964a520c08123e3,-112.108869,33.57866
374,4b11cf44f964a520268523e3,-112.112222,33.556878999999995
375,4b11d511f964a520a58523e3,-112.150016,33.597462
376,4b130f62f964a520869323e3,-112.13250500000001,33.526352
377,4b1404c6f964a520d99b23e3,-112.04581499999999,33.508755
378,4b145d53f964a520e4a123e3,-112.01968000000001,33.49483
379,4b146aa5f964a520d6a223e3,-112.064756,33.53885
380,4b14c003f964a52048a623e3,-111.96175,33.422346000000005
381,4b153782f964a5206ca923e3,-112.040374,33.508107
382,4b155041f964a52037b023e3,-112.071168,33.445828999999996
383,4b155041f964a52038b023e3,-112.262635,33.527515
384,4b155042f964a52039b023e3,-112.261133,33.531878999999996
385,4b1702a8f964a520dac023e3,-112.12393200000001,33.579848
386,4b170a86f964a52062c123e3,-112.032223,33.381788
387,4b173145f964a52094c323e3,-112.0405,33.509170000000005
388,4b189c1df964a5209ed423e3,-112.118026,33.640972999999995
389,4b196155f964a5204edc23e3,-112.115825,33.65982
390,4b196b3af964a52000dd23e3,-112.077729,33.479985
391,4b198272f964a5209dde23e3,-112.04694599999999,33.510225
392,4b19c434f964a520c6e323e3,-112.100907,33.378281
393,4b19cc88f964a52063e423e3,-112.07118899999999,33.566843
394,4b1acca9f964a52018f223e3,-112.119244,33.666497
395,4b1b03a5f964a5206ff623e3,-112.06490900000001,33.530818
396,4b1bf976f964a520eaff23e3,-112.12336,33.581457
397,4b1c4b7bf964a520a70524e3,-112.265553,33.50891
398,4b1c4ceef964a520b80524e3,-112.266481,33.507921
399,4b1c59b4f964a5206c0624e3,-112.04095600000001,33.507456
400,4b1c8121f964a520f80724e3,-112.062468,33.538897
401,4b1d2fcff964a520af0c24e3,-112.12465300000001,33.580657
402,4b1d390cf964a520390d24e3,-112.081814,33.518
403,4b1dac83f964a520c91324e3,-112.07230600000001,33.44872
404,4b1e5ad5f964a520231924e3,-112.115255,33.582661
405,4b1fc946f964a520092924e3,-112.04571899999999,33.508657
406,4b20396ef964a520f82e24e3,-112.08318200000001,33.493832
407,4b214d1cf964a520d03924e3,-112.27841000000001,33.466142
408,4b2430e5f964a5205a6324e3,-112.027601,33.508511
409,4b24519af964a520d36524e3,-112.029798,33.510055
410,4b2466e5f964a5201c6724e3,-112.035315,33.466102
411,4b259099f964a520e37324e3,-112.073507,33.477218
412,4b259f3df964a520aa7424e3,-112.071789,33.449940999999995
413,4b25b646f964a520967524e3,-112.04136399999999,33.508481
414,4b26e61ff964a520b68224e3,-112.166505,33.376160999999996
415,4b299c43f964a520aea124e3,-112.07326200000001,33.509501
416,4b2a576cf964a52079a724e3,-112.073326,33.491045
417,4b2a5b7ff964a520aca724e3,-112.221479,33.465888
418,4b2a63dcf964a5202da824e3,-112.03755600000001,33.509626000000004
419,4b2ad184f964a5203bb024e3,-112.075948,33.483868
420,4b2adfe6f964a52053b124e3,-111.947594,33.407603
421,4b2bce8ff964a5205cbb24e3,-111.98888999999998,33.455493
422,4b2c0835f964a52008c024e3,-112.077402,33.458808000000005
423,4b2c0c4cf964a52063c024e3,-112.06656100000001,33.639203
424,4b2c37b2f964a52002c424e3,-112.029858,33.377186
425,4b2d958cf964a52039d924e3,-112.06551499999999,33.606821999999994
426,4b2edcbdf964a52095e724e3,-112.275574,33.508003
427,4b2ee833f964a52020e824e3,-112.170223,33.379045
428,4b302880f964a52013f724e3,-112.115872,33.561034
429,4b315eedf964a520a20525e3,-112.254696,33.508373
430,4b3174c1f964a5203d0725e3,-112.08772900000001,33.639829999999996
431,4b3183b9f964a520420825e3,-111.98748400000001,33.479278
432,4b330133f964a520f41625e3,-112.26074299999999,33.533435
433,4b332b95f964a520f31725e3,-112.098022,33.637884
434,4b33b402f964a520531d25e3,-112.110642,33.611789
435,4b33dacbf964a520a42025e3,-111.976658,33.600814
436,4b341d3cf964a520282525e3,-112.074653,33.529703000000005
437,4b342dc4f964a520d72525e3,-112.04722199999999,33.511316
438,4b343cd0f964a5206a2625e3,-112.031292,33.643001
439,4b35d316f964a5200a2f25e3,-112.04727,33.465441999999996
440,4b3670e6f964a5207a3525e3,-111.980571,33.596755
441,4b36ea6bf964a520263e25e3,-112.099342,33.539606
442,4b37a049f964a5203e4325e3,-112.09820900000001,33.537525
443,4b39b632f964a520ac5e25e3,-111.98656100000001,33.476735
444,4b3a440ef964a5204b6325e3,-111.986457,33.509972999999995
445,4b3a8847f964a520706925e3,-112.082852,33.465486
446,4b3aa36ff964a520ac6b25e3,-112.04668500000001,33.509661
447,4b3ab988f964a520646d25e3,-112.22320500000001,33.479631
448,4b3b95f7f964a520687625e3,-112.09946599999999,33.509838
449,4b3bc2d5f964a5208e7a25e3,-111.97553500000001,33.450485
450,4b3be4cff964a520cc7d25e3,-112.06310900000001,33.508885
451,4b3cfe3df964a520608b25e3,-112.081034,33.465559000000006
452,4b3d1b0af964a520168e25e3,-112.25995,33.538090999999994
453,4b3d4b4ef964a520ca9125e3,-111.97910300000001,33.581478000000004
454,4b3ebf65f964a520aca125e3,-111.949675,33.507479
455,4b3f9986f964a52009aa25e3,-111.97880900000001,33.404137
456,4b3fb4bdf964a520b6ac25e3,-112.28821200000002,33.56446
457,4b3fc4a4f964a52050ae25e3,-112.261423,33.533746
458,4b3feca5f964a5203cb225e3,-112.05523600000001,33.538059000000004
459,4b3fed0ef964a52043b225e3,-112.083721,33.508874
460,4b3ff197f964a520a9b225e3,-112.06668400000001,33.608901
461,4b405169f964a5209fb725e3,-112.04779099999999,33.524128999999995
462,4b40f475f964a52029be25e3,-112.117944,33.576377
463,4b42bbcdf964a52067d925e3,-112.096369,33.639713
464,4b434117f964a5208edd25e3,-112.071147,33.636953000000005
465,4b438909f964a520a4e225e3,-112.071871,33.449527
466,4b43bd5cf964a5201ae825e3,-112.166854,33.63813
467,4b43e455f964a5205bed25e3,-112.10478700000002,33.530112
468,4b44d0c1f964a52008fd25e3,-112.044894,33.430618
469,4b44db67f964a5205bfe25e3,-112.26078999999999,33.535099
470,4b44e9c8f964a52094ff25e3,-112.045722,33.507719
471,4b4546adf964a520b00926e3,-112.04782,33.478794
472,4b468f48f964a520502426e3,-112.05295100000001,33.508758
473,4b469f88f964a520c32526e3,-112.06468799999999,33.495466
474,4b46bee9f964a520b12726e3,-112.09969699999999,33.391867
475,4b477cfdf964a520c33326e3,-112.11646599999999,33.567176
476,4b490b44f964a520696326e3,-112.26954599999999,33.422354999999996
477,4b491cd0f964a5205b6626e3,-112.271988,33.422785
478,4b492b95f964a520b46826e3,-112.07432800000001,33.464362
479,4b492e50f964a5201c6926e3,-112.267546,33.507723
480,4b496a57f964a5206e6f26e3,-112.122998,33.486101
481,4b4a397cf964a520877f26e3,-112.046345,33.508005
482,4b4a3d7df964a520458026e3,-112.05646000000002,33.639829999999996
483,4b4a4bd1f964a520bf8226e3,-112.03321000000001,33.379208
484,4b4b3fcbf964a520839526e3,-112.06462900000001,33.518296
485,4b4b8b8af964a520c69f26e3,-112.239901,33.424099
486,4b4b972cf964a52039a126e3,-112.09286999999999,33.522634000000004
487,4b4ba41ff964a520a6a226e3,-112.117723,33.553447999999996
488,4b4beb93f964a52044ab26e3,-111.997032,33.449812
489,4b4ccb33f964a52028bf26e3,-111.96033899999999,33.389316
490,4b4d11f5f964a520e2c926e3,-112.18789199999999,33.611169
491,4b4d29b2f964a52001cd26e3,-111.976948,33.583378
492,4b4e35cbf964a52065e526e3,-112.04025800000001,33.507335999999995
493,4b4e8298f964a5200ff026e3,-112.11818899999999,33.581339
494,4b4ebdf1f964a520d8f426e3,-112.07418200000001,33.429319
495,4b4f5132f964a5200e0127e3,-112.029673,33.486694
496,4b4fa97cf964a520b10f27e3,-111.9797,33.598987
497,4b4fe2a5f964a520a11827e3,-111.993822,33.435446
498,4b509c7af964a5205e2927e3,-112.082755,33.453975
499,4b50a00cf964a520fd2927e3,-112.070732,33.437067
500,4b510eeef964a520164027e3,-111.975098,33.583807
501,4b515427f964a5200c4b27e3,-112.18758500000001,33.641245
502,4b51e604f964a520485a27e3,-112.008103,33.415548
503,4b523c5bf964a520c07127e3,-112.047395,33.483722
504,4b523fcff964a520a07227e3,-112.18373400000002,33.538408000000004
505,4b524c14f964a5209e7527e3,-112.011486,33.641352000000005
506,4b5281acf964a520578027e3,-111.981909,33.599256
507,4b528e3af964a520218227e3,-112.07113100000001,33.452024
508,4b533b46f964a520529327e3,-112.032131,33.479997999999995
509,4b537087f964a520f19c27e3,-112.261895,33.534817
510,4b53a4cef964a520f6a527e3,-111.979051,33.5995
511,4b53c3edf964a520baaa27e3,-112.041009,33.506809999999994
512,4b54d994f964a520a5cf27e3,-111.99416799999999,33.611108
513,4b54e606f964a5200bd227e3,-112.064849,33.47457
514,4b54f227f964a5208ad427e3,-112.082241,33.458835
515,4b550f58f964a520a9d927e3,-112.072048,33.449490000000004
516,4b556d66f964a52006e427e3,-112.15106399999999,33.582825
517,4b55de48f964a520bcf327e3,-112.04677,33.493627000000004
518,4b55df97f964a52007f427e3,-112.04857700000001,33.497432
519,4b56135bf964a5201aff27e3,-112.15511599999999,33.495554
520,4b573166f964a5205e2a28e3,-112.22312099999999,33.481308
521,4b576dcbf964a5202e3728e3,-112.12168,33.575083
522,4b57b598f964a520213d28e3,-111.997303,33.653985
523,4b589c3ff964a520206128e3,-112.07201,33.509636
524,4b58bbbdf964a520186828e3,-112.099443,33.488237
525,4b592254f964a5204d7e28e3,-111.999527,33.436051
526,4b59cf20f964a5204b9928e3,-112.11911,33.492151
527,4b5a0b00f964a52091a928e3,-112.11868500000001,33.479921999999995
528,4b5a58bbf964a520f6be28e3,-112.171411,33.377926
529,4b5b1f8cf964a520bae428e3,-112.06426699999999,33.639328000000006
530,4b5b5a5bf964a5200ef728e3,-112.121572,33.609365000000004
531,4b5b5de5f964a52030f828e3,-112.190494,33.637809999999995
532,4b5b8484f964a520190429e3,-111.988646,33.455546000000005
533,4b5b9e5cf964a520640b29e3,-112.03208400000001,33.494547999999995
534,4b5be373f964a520c41b29e3,-112.083247,33.496097
535,4b5c7c2bf964a520273229e3,-111.99158200000001,33.480002
536,4b5c9a07f964a5202e3929e3,-112.082748,33.478747
537,4b5ccc58f964a520904429e3,-112.222518,33.427009999999996
538,4b5df632f964a520367629e3,-112.20416000000002,33.52480300000001
539,4b5e037df964a520307929e3,-112.04534,33.548077
540,4b5e1745f964a5201b7d29e3,-112.223196,33.420481
541,4b5e3baef964a5202d8529e3,-111.975875,33.625564000000004
542,4b5f8695f964a52089bf29e3,-112.179672,33.551615999999996
543,4b5f93f1f964a520a9c229e3,-112.183968,33.609566
544,4b6115d1f964a52019092ae3,-111.99647399999999,33.4784
545,4b619744f964a52018192ae3,-112.07381399999998,33.451974
546,4b61e82ff964a5206e2a2ae3,-112.05861000000002,33.508949
547,4b620f1df964a52011332ae3,-112.05476599999999,33.495012
548,4b627adbf964a52025492ae3,-112.04873899999998,33.487815999999995
549,4b633f2df964a5204e6d2ae3,-112.26923899999998,33.551888
550,4b639970f964a52001862ae3,-112.25395400000001,33.565138
551,4b63b5eff964a5208e8d2ae3,-112.154848,33.583069
552,4b63e911f964a520bb962ae3,-112.03073899999998,33.655539000000005
553,4b646c2df964a520eab12ae3,-112.07721299999999,33.480076000000004
554,4b6491d1f964a52089be2ae3,-112.090832,33.477947
555,4b649610f964a520dbbf2ae3,-112.169078,33.610412
556,4b6497baf964a5205bc02ae3,-112.072354,33.465340999999995
557,4b649902f964a520c7c02ae3,-112.152823,33.580897
558,4b64a3ccf964a52097c42ae3,-112.10899599999999,33.639272999999996
559,4b64b987f964a52054cb2ae3,-111.976128,33.639078000000005
560,4b64d60af964a520cdd32ae3,-112.26137,33.552112
561,4b650686f964a5201ee02ae3,-112.256107,33.494775
562,4b661122f964a520c5112be3,-112.172599,33.492036999999996
563,4b66e8f4f964a520cc2f2be3,-112.18451499999999,33.663751
564,4b671793f964a520e5392be3,-112.06391200000002,33.506575
565,4b67328ef964a520d9402be3,-112.056775,33.466224
566,4b6778f1f964a5200c512be3,-112.068174,33.639834
567,4b6874a3f964a520b3792be3,-112.082175,33.501971999999995
568,4b69d797f964a5208eb72be3,-112.064599,33.509603999999996
569,4b6afe69f964a52044eb2be3,-112.133245,33.377093
570,4b6b2bf1f964a52057f72be3,-112.074031,33.51095
571,4b6c79fdf964a520433d2ce3,-111.959878,33.395368
572,4b6ca052f964a5208b472ce3,-112.12496999999999,33.58132
573,4b6cb7baf964a520bd4e2ce3,-112.097325,33.522748
574,4b6ccfe7f964a5202b562ce3,-112.10104399999999,33.523576
575,4b6da855f964a520eb832ce3,-112.042266,33.50949
576,4b6dca5af964a52025902ce3,-112.082403,33.48865
577,4b6dcad9f964a5204d902ce3,-112.186949,33.566648
578,4b6de390f964a52005992ce3,-112.12017,33.610499
579,4b6dfe4df964a520d3a12ce3,-112.100544,33.590176
580,4b6f10d9f964a520adda2ce3,-112.082831,33.516345
581,4b6f232af964a5208fdf2ce3,-112.288747,33.564324
582,4b6f3476f964a52021e42ce3,-111.987778,33.467090999999996
583,4b70d971f964a52087312de3,-112.020702,33.495275
584,4b717ceff964a5203f492de3,-111.996024,33.42435
585,4b724225f964a520e8752de3,-111.98555400000001,33.461449
586,4b730d63f964a52047982de3,-111.95308700000001,33.511343
587,4b7337d5f964a5208ba22de3,-112.075376,33.4834
588,4b7348dbf964a52050a62de3,-112.06353,33.517672
589,4b7365daf964a5209bac2de3,-112.122119,33.57993
590,4b749156f964a52098e42de3,-112.04441100000001,33.430832
591,4b74a840f964a520a8ea2de3,-111.961026,33.531686
592,4b74acaaf964a520b5eb2de3,-112.255583,33.566956
593,4b74c998f964a5200bf22de3,-112.06942,33.496992999999996
594,4b75b95bf964a520f11f2ee3,-112.047091,33.507308
595,4b771104f964a520c7792ee3,-112.07534,33.461731
596,4b783e31f964a5200ebf2ee3,-112.09771200000002,33.469361
597,4b784beef964a5202fc32ee3,-112.132324,33.554187
598,4b787663f964a520ffcf2ee3,-112.20386599999999,33.466464
599,4b799960f964a52082042fe3,-112.187324,33.667097
600,4b7b5328f964a520645e2fe3,-112.239493,33.466317
601,4b7bb32ff964a520416b2fe3,-112.13381399999999,33.567986
602,4b7c4586f964a520bb882fe3,-112.078973,33.639702
603,4b7c5125f964a520f18b2fe3,-112.056474,33.494997999999995
604,4b7c8309f964a520eb972fe3,-111.97701299999999,33.393252000000004
605,4b7c9fd1f964a520539e2fe3,-112.029734,33.655281
606,4b7d8944f964a5202dc52fe3,-112.170235,33.581579
607,4b7dd115f964a52093d62fe3,-112.11420700000001,33.508834
608,4b7e44c0f964a520c4e72fe3,-111.949999,33.480647999999995
609,4b7e930bf964a5207af32fe3,-112.18574299999999,33.582344
610,4b7ed797f964a5208c0330e3,-112.237328,33.471434
611,4b7ee63df964a520f90730e3,-112.08291499999999,33.495495
612,4b7feedef964a520444530e3,-112.04620200000001,33.508728999999995
613,4b802f9ff964a520615a30e3,-112.047471,33.469165999999994
614,4b808240f964a520a07830e3,-112.06763899999999,33.639901
615,4b808e5af964a520947c30e3,-112.11960900000001,33.583147
616,4b80e40af964a520ad9030e3,-112.11821200000001,33.598048999999996
617,4b81ca14f964a52034be30e3,-111.96507199999999,33.383091
618,4b82a37ef964a520f0db30e3,-112.150755,33.596844
619,4b82e511f964a52093eb30e3,-112.047104,33.524349
620,4b8306d0f964a52050f330e3,-111.996549,33.480807
621,4b833a52f964a5204ffe30e3,-112.07451999999999,33.506809999999994
622,4b8421fcf964a520d12231e3,-112.071265,33.508955
623,4b8558dbf964a520375831e3,-112.185452,33.6113
624,4b85b0c6f964a520186d31e3,-112.044979,33.430921999999995
625,4b862926f964a5207d8131e3,-112.100229,33.494781
626,4b86ebd4f964a52003a631e3,-112.08127900000001,33.480042
627,4b885a4ef964a52077f131e3,-112.20431299999998,33.436741999999995
628,4b88b2eaf964a520720932e3,-112.07498700000001,33.459002000000005
629,4b8955d3f964a520812c32e3,-112.165586,33.538201
630,4b89568df964a520c22c32e3,-112.076297,33.459659
631,4b8ab12ff964a520297a32e3,-112.112175,33.480211
632,4b8ac235f964a520167f32e3,-112.26003100000001,33.552174
633,4b8d3b4bf964a520cbee32e3,-112.18601699999999,33.640163
634,4b8d6db6f964a52040fb32e3,-112.07328700000001,33.486015
635,4b8d7617f964a5201dfd32e3,-112.17085,33.377828
636,4b8eb924f964a5203e3333e3,-112.15125,33.639783
637,4b8ef112f964a5200c4033e3,-111.977258,33.379083
638,4b8ef4daf964a5200b4133e3,-112.06707,33.598034999999996
639,4b8ef950f964a520214233e3,-112.062207,33.655301
640,4b911535f964a520e4a233e3,-112.04381000000001,33.656549
641,4b928dbdf964a520c00334e3,-112.001557,33.437928
642,4b929d02f964a520db0934e3,-112.187758,33.583042999999996
643,4b92e40af964a520c62434e3,-112.221208,33.477641
644,4b93dccbf964a520e15534e3,-112.2186,33.464624
645,4b943336f964a520426e34e3,-112.036561,33.602264
646,4b943a5ef964a520ef6f34e3,-112.074898,33.483894
647,4b944083f964a520437134e3,-112.168393,33.666461
648,4b944111f964a520627134e3,-112.12513700000001,33.546104
649,4b94480ef964a520c37234e3,-112.220999,33.467121
650,4b944f4df964a520087434e3,-112.02625800000001,33.510413
651,4b958bc7f964a5209fa834e3,-112.07408600000001,33.510407
652,4b966f12f964a52000cc34e3,-112.169627,33.465235
653,4b96ef4cf964a520e8ee34e3,-112.03986699999999,33.507684000000005
654,4b985f5bf964a520983e35e3,-112.098522,33.52442
655,4b9896eef964a520f14735e3,-112.108624,33.523732
656,4b99a32af964a520028935e3,-112.122656,33.575010999999996
657,4b9ae832f964a520d0e135e3,-112.124054,33.66762
658,4b9ba540f964a5204f1636e3,-112.25745900000001,33.479960999999996
659,4b9c0185f964a520ea3f36e3,-112.082926,33.501243
660,4b9c6da5f964a520f56736e3,-112.168273,33.596656
661,4b9cb933f964a520347836e3,-112.04451399999999,33.466082
662,4b9d45e9f964a5200a9f36e3,-111.997504,33.435775
663,4b9d7d46f964a520f9af36e3,-112.263349,33.566718
664,4b9dd265f964a52014bf36e3,-112.100171,33.641686
665,4b9ee3edf964a520dd0837e3,-112.184026,33.551735
666,4b9fac76f964a520ad3337e3,-111.99904699999999,33.437749
667,4ba01665f964a520f65837e3,-112.19933700000001,33.53802
668,4ba034c4f964a520806137e3,-112.15883000000001,33.509894
669,4ba17e6cf964a520c7bb37e3,-112.037906,33.508829
670,4ba235b5f964a520f0e337e3,-112.110824,33.524582
671,4ba29112f964a520f20438e3,-111.99578799999999,33.509482
672,4ba2ce69f964a520b91a38e3,-111.996936,33.436876
673,4ba3c934f964a520275f38e3,-112.041026,33.50612
674,4ba3dd08f964a520cf6738e3,-112.044293,33.430966999999995
675,4ba50650f964a52016d238e3,-112.01361599999998,33.596627000000005
676,4ba5230df964a52055e238e3,-112.05797199999999,33.551883000000004
677,4ba52898f964a5207ae538e3,-112.092326,33.63874000000001
678,4ba82fcff964a5202dd039e3,-112.271941,33.449742
679,4ba8b802f964a5206fe939e3,-112.04319199999999,33.508156
680,4ba8fdbff964a52044013ae3,-111.97909399999999,33.378838
681,4baa3545f964a52057533ae3,-112.065001,33.457175
682,4baa7e20f964a520bd6e3ae3,-112.12073899999999,33.670071
683,4baa8c7bf964a520a6733ae3,-112.061797,33.495153
684,4baabc37f964a5207a833ae3,-112.260829,33.552176
685,4baaedb7f964a520468e3ae3,-111.98358600000002,33.43493
686,4babb9f5f964a52024c43ae3,-112.115936,33.673483000000004
687,4babebb0f964a52080d53ae3,-112.03016799999999,33.509316
688,4babf25af964a52007d83ae3,-112.073664,33.506492
689,4bad469cf964a520ee403be3,-112.095091,33.522871
690,4bad5e11f964a520c04a3be3,-112.261253,33.533429
691,4bae3560f964a5206e923be3,-111.99931699999999,33.437915000000004
692,4bae4ec0f964a520a5a03be3,-111.986818,33.451164
693,4bae9ee8f964a520a4c73be3,-112.071754,33.637522
694,4baebcf1f964a520a1d33be3,-112.053386,33.552820000000004
695,4baf7855f964a52064023ce3,-111.96534,33.389593
696,4baff64af964a5209c2e3ce3,-112.20491399999999,33.460985
697,4bb02954f964a520523a3ce3,-112.079971,33.49511
698,4bb02f38f964a520713b3ce3,-112.11825900000001,33.568919
699,4bb197f4f964a520249b3ce3,-112.09891299999998,33.522757
700,4bb26f3e4019a5937ed336b8,-112.22277199999999,33.422536
701,4bb28ddc42959c74ad04212c,-112.08300200000001,33.685233000000004
702,4bb2d6724019a5938d5f37b8,-112.225068,33.422546000000004
703,4bb4310e737d76b0633a3b7c,-112.029225,33.425209
704,4bb4cb82613fb713353294e6,-112.06756200000001,33.495618
705,4bb51bd7ef159c74074874f7,-112.09942,33.512852
706,4bb53779ef159c74c77874f7,-112.12513700000001,33.396953
707,4bb55b70941ad13a1b2d1ee3,-112.03650800000001,33.509747
708,4bb649a1941ad13a06301fe3,-112.012353,33.612413000000004
709,4bb67365f562ef3b892e3097,-111.985123,33.602253000000005
710,4bb679a81344b71386939d04,-112.074444,33.45443
711,4bb680d62ea19521b7cbab2f,-112.073722,33.447628
712,4bb7826e53649c74c8c745fb,-112.06493700000001,33.639858000000004
713,4bb79cd2314e95217a67479d,-111.949079,33.505795
714,4bb79e9698c7ef3b48133002,-112.068104,33.445596
715,4bb7a2673db7b713e64b209a,-112.037233,33.508284
716,4bb7d1d6cf2fc9b66fdb9e02,-111.986492,33.479053
717,4bb7e92e314e9521f8e9479d,-112.065432,33.537786
718,4bb8b60ab35776b0bb21c901,-112.036933,33.597114000000005
719,4bb98fc553649c74f61b48fb,-112.15198000000001,33.59538
720,4bba8cd0b35776b0d01bcb01,-112.011416,33.639558
721,4bbb2cd47421a593077cc440,-112.11324599999999,33.565709000000005
722,4bbe30739474c9b62d39d9b6,-112.103365,33.567237
723,4bbe3da40ec69c7475105659,-112.07125400000001,33.449318
724,4bbe935b006dc9b6d677fb3f,-112.001994,33.437371
725,4bbea1d8ba9776b0e716fec8,-112.11099899999999,33.611446
726,4bbf85ecf8219c74b91fb010,-112.10104399999999,33.552858
727,4bbf8c004cdfc9b63c739121,-112.058801,33.464817
728,4bbf9e4e74a9a59377c5cef6,-111.99733300000001,33.437458
729,4bbfe5fdf8219c7410e6b010,-112.099255,33.555335
730,4bc00e3a461576b012bf7932,-112.190156,33.639099
731,4bc01aedf8219c74643cb110,-112.11775800000001,33.667123
732,4bc08e9a74a9a5938b2dd0f6,-111.997032,33.43547
733,4bc2af13920eb713cc921c2c,-111.970574,33.446203000000004
734,4bc376db2a89ef3be110f588,-112.070706,33.45091
735,4bc3add1920eb713e2d61d2c,-112.12598999999999,33.57525
736,4bc3b056f8219c749f7bb610,-112.153049,33.640415000000004
737,4bc3b9ca461576b00e1a7f32,-111.97203600000002,33.583006
738,4bc3e85cdce4eee1b3ce719d,-112.082105,33.493603
739,4bc47e11abf495215112c593,-112.068872,33.486963
740,4bc50d6a6cccd13aceb2ff8b,-112.06756200000001,33.634772999999996
741,4bc581055935c9b61002a6d2,-111.98655,33.475357
742,4bc585636a3e9c744cf7f548,-111.98770800000001,33.466694
743,4bc5e192d35d9c74f1bae13a,-112.11593,33.573873
744,4bc6120fbf29c9b6f832f92a,-111.996174,33.509402
745,4bc65eda51b376b0ea841b6f,-112.095018,33.520319
746,4bc746c292b376b067604f3a,-112.013855,33.408316
747,4bc81d3315a7ef3b95987ada,-112.106219,33.554167
748,4bc895760050b7135ca8ba3b,-112.169675,33.465638
749,4bc904fc937ca593ee0fa592,-112.10786100000001,33.537217
750,4bc93b9cb6c49c74c43a8e91,-111.951798,33.428422
751,4bcb87293740b71384b86265,-112.020777,33.480726000000004
752,4bcca312b6c49c74da199491,-112.073885,33.477219
753,4bcca346b6c49c743c1a9491,-112.038587,33.509637
754,4bccb675937ca593d29fab92,-112.27415900000001,33.463721
755,4bcceb6e511f95215ceeb3c7,-112.001903,33.437279
756,4bcd12ea8920b7139e599fdc,-112.10876200000001,33.509741999999996
757,4bcdf21b511f95219f7db5c7,-111.99944099999999,33.436873999999996
758,4bcf42e10ffdce727c52b2c0,-111.95966399999999,33.587866
759,4bcf4d0a77b29c7432d28882,-112.133544,33.581488
760,4bd09417b221c9b6d9f8d3d0,-111.987784,33.449545
761,4bd0d0cd046076b02fc67071,-112.098225,33.522237
762,4bd0f58bb221c9b693dbd4d0,-112.09876200000001,33.554283
763,4bd0fc8541b9ef3b6a51fbe5,-112.001581,33.494895
764,4bd1077da8b3a5930637655f,-112.169036,33.509756
765,4bd1ad049854d13a1deff94d,-112.035426,33.540805999999996
766,4bd1da8d046076b0c4a37271,-112.063988,33.538059000000004
767,4bd2454ba8b3a5936a9c675f,-112.12298600000001,33.581376
768,4bd264df462cb7136066dc07,-111.96903700000001,33.378734
769,4bd26fc0046076b0e3207471,-112.18588100000001,33.568378
770,4bd3cd50046076b05c007771,-112.112305,33.479934
771,4bd4acd2637ba593d537f570,-112.001562,33.43671
772,4bd4aeda7b1876b091958986,-111.98353200000001,33.602695000000004
773,4bd4ee2a6798ef3b3cb8628d,-112.005905,33.483138000000004
774,4bd4f4a44e32d13afe42c080,-112.132602,33.610188
775,4bd5f1b6637ba5930156f770,-111.989461,33.452502
776,4bd64eff29eb9c740b0395e1,-112.16969099999999,33.485496000000005
777,4bd6841c5631c9b6740ca630,-112.169123,33.612087
778,4bd721687b1876b0a0b08d86,-112.100007,33.552882000000004
779,4bd7637835aad13a47c88ef3,-111.948118,33.506065
780,4bd768a2e914a593bc2f51fa,-111.99681799999999,33.436060999999995
781,4bd77f77304fce7206a433ab,-112.084934,33.487017
782,4bd896d751170f47a0c333e4,-112.13521200000001,33.581192
783,4bd8df8d2e6f0f47f2060908,-112.023147,33.539685999999996
784,4bda48eec79cc9286c697ee9,-112.07355600000001,33.447897
785,4bdab3573904a593710d479e,-112.20791799999999,33.434306
786,4bdaf71ba8d976b010940cb5,-111.942349,33.567192
787,4bdcb76e4b1f952154db670b,-111.99919399999999,33.437975
788,4bdcc6e43904a59396bc4f9e,-112.08973799999998,33.570793
789,4bddb060e75c0f474933c503,-112.290476,33.565276000000004
790,4bddcaab587b2d7fb2185509,-112.13559,33.683353000000004
791,4bddd92bffdec928b3ace6a1,-112.277527,33.465351
792,4be1af25a90320a1488d559f,-112.18581699999999,33.539141
793,4be2036fae55a59372675c62,-112.150594,33.611179
794,4be225b1b02ec9b6bf694cc0,-112.13436200000001,33.598915000000005
795,4be2ea1d1dd22d7fa52095bd,-112.170142,33.582898
796,4be34c86b02ec9b6472a4fc0,-112.09914599999999,33.551619
797,4be369a51dd22d7f9cb496bd,-112.111273,33.53467
798,4be37f84f07b0f47585af843,-112.088528,33.483115999999995
799,4be3da77cbdbef3bcaa460d8,-112.074601,33.506972999999995
800,4be474dabcef2d7f329502e5,-112.029122,33.51086
801,4be4b458cf200f47f462123c,-112.07348600000002,33.4424
802,4be5a561910020a19d3ed314,-112.11986599999999,33.582997999999996
803,4be5fba7477d9c7479b7e62d,-112.290594,33.507734
804,4be61a4bcf200f47ef3c143c,-111.98988,33.463282
805,4be82ac89a54a593569b0911,-112.04881599999999,33.551491999999996
806,4be85e6c88ed2d7ff3c8cb1d,-112.00173999999998,33.399923
807,4be9b67fb3352d7fdc5054d2,-112.101405,33.496592
808,4bea4444246fb713c2dfabdf,-112.08239099999999,33.466121
809,4bec73c249430f4721bd07d2,-112.088136,33.481871999999996
810,4bec9ceabbe62d7fce237f2b,-112.12488400000001,33.578297
811,4becd68b2cf820a14a57b91c,-112.279684,33.494175
812,4becdb1616e99c74c67208e2,-112.05601399999999,33.566899
813,4becece92a7bb713f7ffce9d,-112.087048,33.449109
814,4bed85001059d13a30e951d8,-112.18874199999999,33.570384000000004
815,4bede5ea4daaa5939e6d8f61,-112.27346100000001,33.508001
816,4bf02101d4e4d13a12e215a7,-111.999649,33.43736
817,4bf071333a15d13a71913e9f,-112.09398799999998,33.522777000000005
818,4bf17980ef99c9b685595b42,-112.073646,33.50646
819,4bf1895125afb713f90a4b6f,-111.985445,33.476986
820,4bf3364c706e20a18107a898,-112.21536299999998,33.49344
821,4bf3ea763f86c9b6e29ab21c,-112.095205,33.520136
822,4bf447fd706e20a1b028a998,-112.05668100000001,33.501528
823,4bf49df1e5eba59320f01f90,-112.065675,33.503023999999996
824,4bf5e5aa5e800f474684e6d4,-112.129855,33.624736999999996
825,4bf6dca2508c0f4727003d31,-112.148983,33.584206
826,4bf709515317a5933053fd7e,-112.263328,33.540535
827,4bf786595efe2d7f34386934,-112.261393,33.534067
828,4bf89d355efe2d7fa6256b34,-112.289749,33.492976
829,4bf964834a67c9286bc026cf,-112.001782,33.437975
830,4bf9d0aa5317a5932cee017f,-112.064604,33.510342
831,4bf9d1128d30d13a36e10218,-112.180527,33.637721
832,4bfaf786ab180f476035b3ce,-112.072331,33.467166
833,4bfb637b8f32ef3b981605aa,-112.073821,33.501412
834,4bfc3303f4dc9c7444949e3f,-112.257121,33.510806
835,4bfc67562fcf9521aec735b4,-112.059152,33.448004
836,4bfd4f9083bbd13a85f862c5,-111.968322,33.414249
837,4bfd81e64cf820a1a292ecf4,-112.120401,33.574506
838,4bfe972bb68d0f47bf68ea57,-112.185359,33.568068
839,4bfed2cd4e5d0f47de377d1f,-112.07292199999999,33.491276
840,4c0021dcc30a2d7f0912121d,-112.120681,33.581555
841,4c00e365147bd13a15a42a4d,-112.100223,33.55375
842,4c01e39c27dcc9285757e152,-112.077595,33.458791
843,4c04059139d476b0f7e530a7,-112.090943,33.528413
844,4c0468bef56c2d7f2f491e66,-112.067551,33.639778
845,4c049930f56c2d7f4e831e66,-111.94628700000001,33.504868
846,4c0515d973a8c9b6f9e996e0,-112.218699,33.538878000000004
847,4c0576125753c9284c8239f1,-112.081925,33.440272
848,4c072257b4aa0f47cc466562,-112.23896,33.537028
849,4c07c7db221620a11e4ff775,-112.16871499999999,33.422774
850,4c089c777e3fc928e5aaf082,-112.11668,33.466291
851,4c09c5f73c70b71302e0275b,-112.095308,33.523043
852,4c0a51a9340720a1ae288693,-111.999435,33.436679
853,4c0ae441bbc676b0d6b64ad5,-112.22456899999999,33.477773
854,4c0c0d44009a0f47710fecbf,-111.996775,33.434987
855,4c0c4e266071a59371aae232,-112.263099,33.542112
856,4c0c793fb1b676b0d437df86,-111.964223,33.412511
857,4c0dbb6998102d7f32b4e206,-112.15888799999999,33.555023
858,4c0e9312d64c0f477a6b285d,-112.029948,33.465495000000004
859,4c0ec81d7189c9289d11d9b6,-112.077445,33.448496999999996
860,4c0ef4d32466a593affe7921,-112.27067,33.553013
861,4c116470416620a14205d9e4,-112.01234699999999,33.480796000000005
862,4c1176ec6e5dc9b61f2db02d,-112.116483,33.671669
863,4c12ae11a9c220a19070549d,-112.047279,33.51575
864,4c13986fa1010f47bad34a18,-112.065932,33.466302
865,4c13ed7bf1e0b713d1bd34bc,-112.06696299999999,33.639749
866,4c17a8f6c2dfc9280b5aa869,-112.16826699999999,33.493718
867,4c190ba9fe5a76b067f80215,-112.28878200000001,33.492577000000004
868,4c193ce7838020a19b69e561,-112.082676,33.480582
869,4c1a9e04b4e62d7f1a18d893,-112.083129,33.451744
870,4c1d811fb4e62d7feaf3dc93,-112.096916,33.46962
871,4c1f1a70920076b06b4fc4e9,-112.17282800000001,33.601008
872,4c2221e09a67a593f5f2db87,-111.99681799999999,33.436921000000005
873,4c240ebfc11dc9b695f22424,-112.16935600000001,33.494508
874,4c281fc0783d9c74fa3b8f6b,-111.97717800000001,33.611224
875,4c2a3f2fc758e21ebd583a3f,-111.993705,33.407584
876,4c2a7ead2219c9281a30a348,-112.060629,33.465893
877,4c2e27dc260bc9289b341bd3,-112.07439699999999,33.501622999999995
878,4c2e8b8b66e40f47027bc08b,-112.11321399999999,33.622828999999996
879,4c38db12a52cb713407b5f26,-112.182349,33.551825
880,4c3a451f3849c92892b5c2b1,-112.07421699999999,33.501459000000004
881,4c3cca6017f2ef3ba13081f4,-112.001827,33.423159000000005
882,4c3d1789980320a150a68be4,-111.97978,33.494989000000004
883,4c3ddb784bc9a593258ed471,-111.96923000000001,33.401963
884,4c3e0f406faac9b672b10d76,-112.190773,33.569496
885,4c3f2dc48d99b713c4151b06,-112.057723,33.488049
886,4c3f4f4cda3dc928f9b1c5b9,-112.104964,33.474373
887,4c3fc006af052d7f15e37a79,-111.99848600000001,33.479248999999996
888,4c3fcb29da3dc928e780c6b9,-112.071673,33.639218
889,4c40927dd7fad13a542c06da,-112.05731599999999,33.445996
890,4c41f201a5c5ef3bb662b06f,-112.06428500000001,33.521741999999996
891,4c43db8af05e952170e3e3b3,-112.20493700000002,33.538813
892,4c43fe5056a7ef3b491dce21,-112.238099,33.507568
893,4c44d8c92d3ec9b6b6782fae,-112.074344,33.447601
894,4c464825cd5ca593be6b0087,-112.082449,33.488436
895,4c465941f1b5c9b6865879ef,-112.02971399999998,33.450183
896,4c471b9589a6c9b6bc169988,-112.00877,33.435435
897,4c47396731e41b8d5c194c35,-112.09045900000001,33.482033
898,4c474b9696abd13a2b4c7001,-112.22570800000001,33.423432
899,4c478c77eb489c74a391c847,-112.074816,33.447404
900,4c48c1fc6f1420a12730b354,-111.99687800000001,33.43572
901,4c49294b20ab1b8d88176816,-112.01990900000001,33.437089
902,4c492b626594be9adec2b824,-112.073256,33.48572
903,4c4a2613712ac92894d1066b,-111.996844,33.437973
904,4c4b46759e6dbe9a5ac7d10b,-112.057478,33.49515
905,4c4b65fc9e6dbe9a65d5f80b,-112.066724,33.660369
906,4c4cd8fee906c9288062053b,-112.09977099999999,33.378393
907,4c4cea15f5afa593347ab2d6,-112.069111,33.638813
908,4c4f460992ce2d7f3c57882f,-112.127026,33.666833000000004
909,4c4f5295eaa1be9a064dbc45,-112.074106,33.458123
910,4c52f242048b1b8d40443131,-112.012097,33.508563
911,4c550afbf5f3d13a2a4018fb,-112.074073,33.456067
912,4c56de9e6418a59370fe7d0e,-112.234528,33.430398
913,4c56f9a0cc96c9b642df772e,-111.963559,33.378696999999995
914,4c574755744a0f4706a3c8cb,-112.06876499999998,33.500858
915,4c5750ee2308be9ac3ef586c,-111.959419,33.393908
916,4c575aba12f0d13acf0307ad,-112.12080900000001,33.612264
917,4c57b4c4744a0f47f2b0c9cb,-112.20576399999999,33.533882
918,4c59fa4304f9be9ab6b9f060,-112.112292,33.467991999999995
919,4c5c85266ebe2d7f7e52d02e,-111.994629,33.434056
920,4c600cb923e303bbe9d27407,-112.237358,33.480744
921,4c604248de6920a1977a9564,-112.16848999999999,33.458894
922,4c6046a6c6a103bb1301685b,-112.094321,33.52315
923,4c60545e13791b8d4f444faf,-112.065228,33.512677000000004
924,4c615a7312e5c928bf56214c,-112.12319,33.684667
925,4c620851fa7bc9285e610d27,-112.056577,33.530027000000004
926,4c6297dcfa7bc9283c630e27,-112.100179,33.493881
927,4c6355e569a1c9b663153ba4,-112.148983,33.594846000000004
928,4c669ce8e1da1b8d33569bc3,-112.073623,33.523837
929,4c677e1bb80abe9a9875d0e5,-112.073743,33.561357
930,4c6860066b25e21e4888192f,-112.27368100000001,33.463584999999995
931,4c6866416b25e21ea29d192f,-112.275135,33.463665999999996
932,4c69d5df897b1b8d255db017,-111.964199,33.383452
933,4c6af881e503c92862fc46b3,-112.204828,33.417705
934,4c6bd4c47c052d7f83502acf,-112.013791,33.435542
935,4c6d9c7306ed6dcb9464a422,-112.11842800000001,33.57028
936,4c6edcaa9c6d6dcb4fc4cd7a,-112.07093799999998,33.457059
937,4c71a6998efc3704de12117d,-112.220518,33.379092
938,4c7460413adda143689004af,-112.060501,33.509087
939,4c746ec9604a3704a0208049,-112.240384,33.551994
940,4c76ee625cd6b1f78a853d94,-111.994575,33.434275
941,4c773395923ba143c29b66e6,-112.06844299999999,33.457887
942,4c7828ec748cb71390fb3568,-112.11321399999999,33.622828999999996
943,4c79249d81bca0939f3afc14,-112.11003400000001,33.480282
944,4c7ae3103badb1f769a95354,-112.09861599999999,33.540296000000005
945,4c7d6d54d461a143921f7df5,-112.10713600000001,33.4337
946,4c802eba2f1c236a71782443,-112.00161999999999,33.494985
947,4c81c89247cc224b031e809f,-111.99946000000001,33.433997999999995
948,4c82d981d92ea09300144f72,-111.996528,33.436509
949,4c83dc17d4e23704c0967488,-112.184276,33.480999
950,4c83f9c951ada1cd58cf2a10,-112.201846,33.462881
951,4c840666d34ca143fb013b80,-112.045999,33.507698
952,4c8530e2d34ca14305024580,-112.189952,33.462683
953,4c854b2151ada1cdc2723610,-112.263094,33.542001
954,4c85b06347cc224bce9ba39f,-112.07376200000002,33.448251
955,4c86832974d7b60cb7c9a4d8,-112.07493400000001,33.44812
956,4c870f1e9c808cfad7b7111e,-111.996742,33.434235
957,4c87bc1314c4b60c67142235,-112.190261,33.569423
958,4c894ad87223b1f742bc32a8,-111.98225900000001,33.640102
959,4c895028da5da1cd6c723be9,-112.063796,33.509531
960,4c8adcc4e51e6dcb48376dde,-112.11416000000001,33.554303999999995
961,4c8ba7d2e51e6dcb944574de,-112.006502,33.597501
962,4c8c6400f0ce236a372b18ef,-112.117682,33.437243
963,4c8da9dcd2aea0933111c869,-112.065522,33.663666
964,4c92e9ed1221b1f731f915e2,-112.22053500000001,33.462523
965,4c9423f36b35a14307f618dc,-112.09453700000002,33.50861
966,4c9840ea07916dcb66ddea1b,-112.05713600000001,33.553268
967,4c98f37c7b9d3704faa1e285,-112.066299,33.441008000000004
968,4ca23fb3750ca093d3c20e67,-112.01375,33.412089
969,4ca2f3d1750ca093c3a81467,-112.164831,33.607864
970,4ca362ffa73cb60cb6481878,-112.191478,33.570797
971,4ca6db0444a8224bbabd0740,-111.963816,33.39020900000001
972,4caccc3797c8a1cdf700a4a5,-112.154307,33.638884999999995
973,4cae2d8c1463a14389758aa9,-112.12805700000001,33.664004999999996
974,4cafb497eb65b1f7e40566cd,-111.997897,33.435758
975,4cafcb441463a143f0b897a9,-112.03711399999999,33.451413
976,4cb0b5641463a143b7649fa9,-112.057056,33.53799
977,4cb5ffad1b0af04d7171cd25,-112.18831100000001,33.448208
978,4cba12f9c7228cfab2af14ce,-112.067778,33.458343
979,4cbcddf0a33bb1f75f299cfd,-112.095823,33.522220000000004
980,4cbde53eadcd5481ae5f36a2,-112.16809199999999,33.611027
981,4cbf22037dc9a093891237f5,-111.98638100000001,33.480636
982,4cc0b77143646dcb669f408c,-112.188456,33.56937
983,4cc1d330be40a35d80776d4c,-112.13089,33.581520000000005
984,4cc1f1801e596dcb9e4ebf67,-112.03961100000001,33.437562
985,4cc478498062468817af362f,-112.065522,33.546603000000005
986,4cc59c423d7fa1cda4afb25f,-111.99406,33.404592
987,4cc5abb301fb236a0ffcb2ba,-112.11081899999999,33.671349
988,4cc872487be65481c7032e23,-112.188928,33.5689
989,4cccd30c566aa093154424fd,-112.0282,33.510242
990,4ccd15b554f0b1f745c61aca,-112.06148400000001,33.509484
991,4ccf5f30f6378cfa1c4caed6,-112.046524,33.510314
992,4cd163fade0f6dcba1987063,-111.97623300000001,33.39313
993,4cd1d4536200b1f7e616dc28,-112.071702,33.446529
994,4cd321166be6a143d2a79202,-112.099944,33.552011
995,4cd5a78a94848cfa70efe7b1,-112.273583,33.505887
996,4cd5a8c3fb59548154a9df50,-111.96688300000001,33.412304
997,4cd78a4689eb6dcbfb08361e,-112.005905,33.461819
998,4cd8bc621891236ad4fe370b,-112.073153,33.451012
999,4cd9ea8ba89254818d661bfa,-112.117094,33.581933
1000,4cdafab8958f236ab832aa03,-111.983779,33.6035
1001,4cdc3fb6cea2224b57368a4c,-112.06841399999999,33.45277
1002,4cdf3fddf8a4a1438937ddbc,-112.0832,33.381933000000004
1003,4ce1c781ffcf3704e3d22782,-112.017829,33.491577
1004,4ce76f81e888f04d25623c6b,-112.071877,33.448394
1005,4cf19bb87e93f04d163e4e69,-112.077445,33.501775
1006,4cf43ba67e93f04df0685c69,-112.07393700000002,33.511023
1007,4cf6f7f30a71224b9c1e2193,-112.080074,33.5105
1008,4cfc0328d8468cfad8f2f76b,-112.175506,33.612609
1009,4cfd702e2d80a14382d856d8,-112.017829,33.491577
1010,4d0016b36923721e17cbc23b,-112.268708,33.461789
1011,4d02f4c8a26854813a18afbd,-112.024133,33.510001
1012,4d06672228926ea8556e75c2,-112.05771200000001,33.560643
1013,4d0d74e9be6d6ea8484f05b5,-112.080627,33.492971999999995
1014,4d113e3099b78cfa2a6cc8d5,-112.16476200000001,33.66227
1015,4d1439d86c8b5481b56ad5cc,-111.961661,33.51478
1016,4d1f5638e56f6ea8ad936c1d,-112.10129099999999,33.53992
1017,4d2113a66e8c3704b878ff9f,-111.994194,33.437892
1018,4d21f7b19822a0907a8ffeaf,-112.041675,33.646848
1019,4d29785e77a2a1cd6a7b6cb7,-112.071647,33.448474
1020,4d2acecf8e102c0fbe19d16e,-112.089368,33.467586
1021,4d2bc617915fa09394161a0a,-112.06979399999999,33.634386
1022,4d2dd4f1aa5c6ea89297b004,-111.967721,33.386446
1023,4d2f09345055a35d10fa97ca,-112.02743799999999,33.510197999999995
1024,4d2f336d79dd6ea8ddb28fd3,-112.29200700000001,33.463558
1025,4d2f9dddf9daa1cd4f8e5e50,-112.255374,33.426664
1026,4d34aaa972a8b1f76f88b2d0,-112.07330900000001,33.451671999999995
1027,4d39dbf934ee3704e14d719b,-112.07348300000001,33.455789
1028,4d39e8f449cb236a3fc2b447,-112.01347700000001,33.508218
1029,4d3b539836718eec3c69748e,-111.988978,33.495686
1030,4d3dcddd3ec9a35debba5481,-111.981531,33.422681
1031,4d3f5ed34677548175134ef4,-112.091816,33.509062
1032,4d41ea48aed776eb43a86897,-111.98368,33.602683
1033,4d4464d4bf61a1cd2b5408ac,-112.072896,33.447369
1034,4d463bfee198721ea5a1cd8b,-112.13706,33.565159
1035,4d4a39787d36f04d4b9119e5,-112.008848,33.436692
1036,4d4d89f4b887a1cdf3f8bca0,-112.06949499999999,33.452337
1037,4d4f7ba84015b1f7aab25ccf,-111.969824,33.458621
1038,4d5aeb51e9b28cfaccc71e3f,-112.03961699999999,33.465709999999994
1039,4d5b34031287a09346901d56,-112.120585,33.582198
1040,4d5d68fee7f754816da42497,-112.02143500000001,33.480583
1041,4d5ef64f865a224bc4b69885,-112.089368,33.542149
1042,4d61be4b5b276dcbf65227c6,-111.96035,33.48862800000001
1043,4d6296d9338bb60c1aee40bd,-111.979809,33.495533
1044,4d62ccea1ee8721e8f0cc521,-112.065522,33.514653
1045,4d67bb4fc406f04d82ccf14c,-111.98725400000001,33.451637
1046,4d69868882cba093f6f1dbd8,-111.947006,33.431684000000004
1047,4d7069d195acb1f7e90606b9,-111.987743,33.44481
1048,4d71daddbce5721e7980c515,-112.028784,33.501901000000004
1049,4d745c5f1a8aa35d955b0fa7,-111.99909199999999,33.436921000000005
1050,4d77e8a30bae236a4ad27014,-112.07562,33.479989
1051,4d79495a9f6b721ef46095c0,-112.059335,33.437098
1052,4d79c272f29ab60c2311f20a,-112.077445,33.501775
1053,4d7d4425d1c28eec5ac71a74,-112.030699,33.624393
1054,4d7e10a83633a093f59c779d,-112.286322,33.466865999999996
1055,4d7e61d64219a1cdced261d3,-112.023223,33.480253000000005
1056,4d7fcbf23633a093baf2969d,-112.273548,33.456502
1057,4d84196f61676dcb88626be4,-112.000983,33.436296999999996
1058,4d882d4455a5ba7a182a6c57,-112.15296200000002,33.597124
1059,4d8aa0a999c2a1cd6e7795d7,-111.985628,33.473608
1060,4d8c2884257d60fc19d1eeea,-112.13398899999999,33.654209
1061,4d8d1c7b788c5481c5c519fd,-111.966039,33.403201
1062,4d8eb547c1b1721ebb7e3746,-112.083375,33.509012
1063,4d90b5601d06b1f7855e7a3b,-111.99955600000001,33.436299
1064,4d966c77e07ea35d91fdbf02,-111.990852,33.598625
1065,4d99fff2daec224b54636c3e,-111.993982,33.517325
1066,4d9a153f9079b1f767ee500a,-112.166816,33.496091
1067,4d9a909eb4fa3704141a890d,-111.99925900000001,33.436651
1068,4d9b4a6073df8cfa1e63f3ec,-112.195844,33.657973999999996
1069,4d9e33c20efda0934b2cac28,-112.04938899999999,33.522971000000005
1070,4d9f094f7f1b721e566f940f,-111.983179,33.43527
1071,4da01c5f3edff04dc5c73999,-111.986608,33.464495
1072,4da744718154fe28a8e3166b,-111.974905,33.4944
1073,4dace94f43a17e90f8eb1650,-112.271961,33.509462
1074,4dae37a35da3cca6f0a5449d,-112.07369299999999,33.50949
1075,4dae52995da3cca6f0a76231,-112.064305,33.521805
1076,4dafa9eb93a037b7b074b6b4,-112.07338899999999,33.513624
1077,4db0eafa1e729fcc5648df51,-112.04001699999999,33.629469
1078,4db235964df0b371d10bd2a0,-112.073379,33.513535
1079,4db305f5fa8c350240c353b6,-112.008854,33.436558000000005
1080,4db3141793a017099dbb893b,-112.14091100000002,33.625523
1081,4db3ac940437fa536a1b58d8,-112.059418,33.494899
1082,4db61e645da3a76f446076d3,-112.005905,33.461819
1083,4db62bf593a017099dfbc1eb,-111.997583,33.43655
1084,4db84c78cda1051541254c72,-112.07406499999999,33.447938
1085,4db862f4ced722c9a38ff558,-112.192066,33.570258
1086,4db870aeced7cef042e0acc8,-112.18763500000001,33.572074
1087,4db87371ced7cef042e0b76d,-112.192555,33.570001
1088,4db9253df7b1b4c54f4af583,-111.97013500000001,33.457801
1089,4dba1044f7b144688ff1319c,-111.99933500000002,33.436135
1090,4dbb30121e72b351ca92d761,-112.17293000000001,33.509840000000004
1091,4dbb36355da3ff58ec2bdc18,-112.16090600000001,33.358277
1092,4dbc16570cb691071c993e8c,-111.95888899999999,33.441181
1093,4dbcd5a493a08f9274c92550,-112.073995,33.447962
1094,4dc08b0d6e8124d25dcfe54e,-112.190372,33.458465000000004
1095,4dc0bd00d22da0153340459a,-112.06609499999999,33.585609000000005
1096,4dc174501838710f437dbcba,-112.02751299999998,33.510652
1097,4dc2dc5852b1c1fb37f2d933,-112.104473,33.553647999999995
1098,4dc40f372271f270510933b8,-111.999478,33.433626000000004
1099,4dc5e2f6b0fb5556ccfd730c,-112.028433,33.510281
1100,4dc8863dc65baa0943513935,-112.08286299999999,33.668675
1101,4dcb2da652b17cba4fa32310,-112.26061299999999,33.477729
1102,4dd26e3e227159fef24a43e2,-111.98531000000001,33.435288
1103,4dd46fec7d8b194450c36710,-112.065525,33.668946000000005
1104,4dd48f1d52b18e28aa18a72f,-112.24436299999999,33.534357
1105,4dd4b7b1d4c0e6b33e42e012,-111.971806,33.58409
1106,4dd9c8801838b8561d221c6a,-112.00693100000001,33.480774
1107,4ddadc82d16419ce672c3156,-112.029574,33.501003000000004
1108,4ddc049ab0fba481fc787174,-112.18503600000001,33.612747999999996
1109,4ddeff8a45dd95acd4e6098c,-112.070048,33.449121000000005
1110,4ddf0eca1f6ed1828c4c90c1,-112.12513700000001,33.609956
1111,4ddffffcd22d2a79556317d4,-112.081879,33.513974
1112,4de2e2d2d164df857506c2b6,-112.069699,33.635469
1113,4de53aa9e4cd056f748570d9,-111.961882,33.394434999999994
1114,4dea810152b11677f03da4b3,-112.04856000000001,33.522675
1115,4deeab25b0fbe76bc3b1e41a,-111.99301799999999,33.501087
1116,4df0b3a8fa76042fed6f4b0b,-112.072593,33.447552
1117,4df0f11ed16486e86e526d05,-112.045631,33.430521999999996
1118,4df2f3baa809141629a10627,-111.98046599999999,33.598642
1119,4df32c1dae609e69dd98bd0a,-112.195108,33.668211
1120,4df41520ae609e69dd9c2638,-112.10964299999999,33.46190900000001
1121,4df63933c65bf55ee534950d,-112.10285400000001,33.611876
1122,4df68ff6d4c070d4df0e1a14,-112.068779,33.452763
1123,4df7c1342271d8baf9c4de8d,-112.07517,33.44932
1124,4df969e2d22d964c6b9a1f38,-111.967215,33.456845
1125,4df985b5fa7667368a6c2f52,-112.198079,33.538781
1126,4dfa37a8fa7667368a6e1fac,-112.277398,33.465494
1127,4dfcfa8cd22d879302f740c8,-112.062375,33.492282
1128,4dfe3f79183806202654a639,-112.09912299999999,33.55249
1129,4e016327ae609fa8ede283ea,-112.06492,33.474393
1130,4e037dfa45ddd36826998ce3,-112.007218,33.466743
1131,4e15c49ae4cded56112b0537,-112.000616,33.436243
1132,4e160c23c65b14b6ca395a4c,-112.263826,33.479507
1133,4e17156852b1091958eb8c6f,-112.094237,33.684691
1134,4e174cf07d8b8af913821f07,-112.118053,33.620373
1135,4e1b09e088770d5776e30a02,-112.01741200000001,33.436044
1136,4e1b0bb1149507b8ad739064,-112.128767,33.510284999999996
1137,4e1bbf38d4c0462507633836,-112.06676499999999,33.448188
1138,4e1de966ae60cec370e587b2,-112.040945,33.508711
1139,4e24072181dc35f05c545d18,-111.986244,33.478064
1140,4e2666998877d0ffee80b7ef,-111.988,33.447844
1141,4e27790db61c9d28cbeb5500,-111.959774,33.394533
1142,4e28b64dfa762797e5a0776c,-112.232441,33.430132
1143,4e2daac9fa76bbf847f0011c,-112.03696799999999,33.447321
1144,4e2f433ac65b80dfd83f5975,-111.996808,33.437115999999996
1145,4e2f6eddae60231c032d981f,-112.06488600000002,33.472105
1146,4e36b70b8877beb5e9b87764,-112.25828500000001,33.490099
1147,4e374912483bda3eb11006e7,-112.120733,33.611140999999996
1148,4e385a88149579ccbaf7217e,-112.232441,33.430132
1149,4e3a4cdf1850f0453401b5fd,-112.076654,33.451797
1150,4e3d94b5d4c058f9dc074d09,-111.978224,33.598518
1151,4e3f5fe652b1a04aff31f558,-112.01988100000001,33.49543
1152,4e3ffaa58877b00cfc6757e7,-112.06981,33.479328
1153,4e4447947d8bee28239b5c9b,-111.94899699999999,33.432379
1154,4e45b4627d8b91a065855eb5,-112.118306,33.578694
1155,4e489463483b03d090fcd5fa,-112.089368,33.659203999999995
1156,4e4b3e2d18a808fd10fbaa0b,-112.06563500000001,33.55274
1157,4e4c3de9d164e69742c94916,-112.04789699999999,33.543236
1158,4e4caa486284776ee125cf0e,-112.077445,33.661436
1159,4e559d4fe4cd779e8338d337,-111.965726,33.455487
1160,4e570336fa7624d9bbab93a9,-112.118829,33.5814
1161,4e5b66b7483b865169f7900e,-111.97013500000001,33.457801
1162,4e5c0a7088775cde7b3f98df,-112.26923700000002,33.553224
1163,4e5da1c32271162c8fd0e46f,-111.96571599999999,33.455619
1164,4e5f99148877f0d84af5212e,-111.95458700000002,33.441875
1165,4e6368bcb61cd78088f7b1d5,-112.10129099999999,33.476014
1166,4e638dccd4c06542ab6b78b6,-112.041675,33.5191
1167,4e653b5bd164ddd5e6f57db4,-112.10129099999999,33.476014
1168,4e659602d22d509a3af6a273,-111.970592,33.429967
1169,4e67ffea7d8b084ac794311f,-112.261242,33.455002
1170,4e686baa483bc776306af822,-112.12513700000001,33.652501
1171,4e6b054e52b1c1206013a90a,-112.16835400000001,33.462623
1172,4e6bc4edae609509560e72a2,-112.063149,33.538074
1173,4e6bdf591f6e84ca4c23e5ee,-112.22071899999999,33.422653000000004
1174,4e6f8bdda809952e23e9c3cf,-112.017829,33.480920000000005
1175,4e6f8f9645dd49e0f1d61c0c,-112.095127,33.685210999999995
1176,4e6faab8b0fbacf2addcfc89,-112.074578,33.489994
1177,4e72259645dd2c5c1a83e7c7,-112.072919,33.510668
1178,4e737275fa76812398da8ead,-111.99439199999999,33.436574
1179,4e74c08eae60c32850ce2070,-112.112035,33.535257
1180,4e7a5477b0fb19a5333dd23b,-111.965125,33.383962
1181,4e7f9d419a52a0fcc38a3a26,-111.968274,33.378158
1182,4e7fa10fb8f76e28c2deef16,-112.073675,33.503444
1183,4e803d31b8f72f128eb57b23,-111.94934099999999,33.399028
1184,4e824639f5b98f5bc47eee4e,-112.07363500000001,33.565121999999995
1185,4e8266b56da143f6f623e528,-111.964951,33.393574
1186,4e834c68d22dd6a659cc904e,-112.07075800000001,33.487334000000004
1187,4e83d8dfb8f7b1a5009f96e5,-112.065339,33.470033
1188,4e8709a19a52c2741de8f0ab,-112.208596,33.541088
1189,4e873ad002d5aab4cf6f7141,-112.072878,33.552389
1190,4e889d7930f89e816b2d121c,-112.12361100000001,33.493259
1191,4e89ace693ad35ed6f3b846c,-112.208596,33.519802
1192,4e89be544901b86fc2a4ecd8,-112.061302,33.49503
1193,4e8a0dc45c5c370ff4894f15,-112.06533300000001,33.470165
1194,4e8a197df5b922a5f6ac8f8e,-112.264246,33.48014000000001
1195,4e8a490fdab4414a6b0172e1,-112.077445,33.661436
1196,4e8b3f9446906c10f82cc6d2,-112.19566299999998,33.586546999999996
1197,4e8beac877c8b66013c4818f,-112.064125,33.512512
1198,4e8c7f417ee63153eb9e3ed3,-112.00553500000001,33.438412
1199,4e8c9722469079cdfaeaf234,-112.065522,33.514653
1200,4e8ce66a0039a2626550cc32,-112.029752,33.649074
1201,4e9105f0d3e3187fc3280877,-112.184751,33.513635
1202,4e91a17cd22dccc37f2f198f,-111.97988400000001,33.495296999999994
1203,4e91afd52c5b7295bc4f7ec6,-112.066154,33.551109000000004
1204,4e92808793adf0b000678e4c,-112.091725,33.523651
1205,4e9726020039d6d5f4815180,-112.14706399999999,33.437135999999995
1206,4e97a46882310543d21cd39a,-112.01236200000001,33.474289
1207,4e98e0220aaf0a73a19bc2ae,-111.97578500000002,33.494911
1208,4e9b22618b81c0254e9f8293,-112.06673,33.654219
1209,4e9cf6dedab4aec571be681b,-112.089368,33.584731
1210,4e9e6f12b80311ce20899ba4,-112.089368,33.584731
1211,4ea19463b6347b99676a7adf,-112.069635,33.452906
1212,4ea5c084dab47252715093e5,-112.07378600000001,33.46204
1213,4eaae2e41081603000397bd8,-112.0734,33.505868
1214,4eaae4fe108160300039c5ec,-112.073443,33.505886
1215,4eaf8df30aafcac7e5220b78,-112.053599,33.484915
1216,4eaff6db9911374b170ba2aa,-112.119656,33.581407
1217,4eb1ae2fcc21adeaf82caffb,-112.001833,33.437055
1218,4eb1e681f5b944838824c95e,-112.1516,33.436953
1219,4eb3340993ad23656f34ff56,-112.167929,33.436824
1220,4eb87a29775b544c28976cad,-112.065522,33.450720000000004
1221,4ebb282fb803cf8e0e7e8871,-111.995103,33.509035
1222,4ec5b8840e6158bafc81a75d,-112.120756,33.640885
1223,4ecd28ec775b0e780e02d89e,-112.07438,33.501475
1224,4ed298dc93ad987b4faccac2,-112.077445,33.565671
1225,4ed31509b634dd2994b4e86f,-112.058748,33.488331
1226,4ed4007a7ee5be844f55f46c,-112.04144,33.508724
1227,4ed40a55f5b9832ade62b8d4,-112.18919,33.571288
1228,4ed58ced722eff15bf6ec897,-112.053599,33.559477
1229,4ed67e1a61afeefb7cdc16ef,-112.073233,33.447736
1230,4edacdbcb6344371f76bc359,-111.998002,33.436052000000004
1231,4edd5b7c0aaf49e02d1c3a19,-112.074234,33.448111
1232,4ee2674d9a521fcbefa20ab8,-112.072621,33.447364
1233,4ee7a132f790ed4b5a0b8c38,-112.08238500000002,33.465601
1234,4ee8d90c77c83054d92c20ff,-112.12016299999999,33.570172
1235,4ee9f0d9be7b7263da1be0d9,-111.988343,33.479935
1236,4eeb50c4aa1f66e35afc071a,-111.99400800000001,33.436444
1237,4eec833abe7b6d62ff63c395,-112.073082,33.44951
1238,4ef523c8c5123a724ed744e0,-112.082245,33.465583
1239,4ef91820775b54cdb5e54762,-112.073972,33.447857
1240,4efb457293ad7cf2edd2c1a0,-111.965975,33.402246000000005
1241,4f01334d722e0f0773455193,-112.003771,33.463546
1242,4f04cb4e8b81bb1b01fe62c1,-112.13428600000002,33.567572999999996
1243,4f05391c77c8f87cd13e97b2,-112.13706,33.384063
1244,4f07605ee4b0ef60ec6d4b68,-112.082388,33.465340000000005
1245,4f0791cce4b071c574a07af9,-111.98985400000001,33.495174
1246,4f07ad40e4b0882d22570418,-112.10129099999999,33.476014
1247,4f0bffb4e4b0baf8306c49d7,-112.07413000000001,33.501437
1248,4f0fa5b6e4b0044a216c838c,-111.959792,33.394415
1249,4f133217e4b0f2c2132df757,-112.08263500000001,33.487849
1250,4f1470bae4b01eeff1294bac,-111.97443999999999,33.445487
1251,4f15a2f9e4b0678414f32031,-111.965823,33.402190999999995
1252,4f15b6b8e4b045626b65d111,-112.190552,33.515246999999995
1253,4f1717e2e4b01eeff3d013cc,-111.96601499999998,33.402233
1254,4f1a1155e4b035439fe22649,-112.15183300000001,33.444303999999995
1255,4f1c32aae4b0817d3d789327,-112.013384,33.531366999999996
1256,4f1d5777e4b0c74ef3c39c56,-112.202946,33.50293
1257,4f1f4d0a7beb96d5dfcfac2c,-111.98559499999999,33.378383
1258,4f205ad3e4b0fa52e51dc0aa,-112.152129,33.461578
1259,4f217ac8e4b03871f9157ad2,-111.963972,33.394453999999996
1260,4f23430fe4b05160ada59bbf,-111.97856200000001,33.59773
1261,4f2345b1e4b04f6e67fde77e,-112.208996,33.52082
1262,4f2460f3e4b0c41c5293d102,-112.06488999999999,33.47421
1263,4f27fbc6e4b01133cc225a29,-112.220518,33.421718
1264,4f283eace4b0600378b7ca9d,-112.082006,33.465559999999996
1265,4f29b962e4b018893929a6fc,-112.00363200000001,33.494188
1266,4f2cdbb0e4b03caf52386d8c,-112.065522,33.546603000000005
1267,4f3022f9e4b007725d38acf4,-112.119534,33.581492
1268,4f314b3ce4b010a3c0031649,-112.080027,33.641563
1269,4f31c0a1e4b09c40b42e5492,-112.10129099999999,33.529272
1270,4f342a26e4b0935810c13353,-111.95969299999999,33.39432
1271,4f36aadde4b00d9f9592ecf7,-112.077445,33.384525
1272,4f36e1ede4b039c3c1e940cf,-112.13984599999999,33.378364000000005
1273,4f36fb6ce4b0948a81a13608,-112.077445,33.661436
1274,4f394b2ce4b0cc4ce569a3ec,-112.074252,33.448078
1275,4f39d3c6e4b089d43b6da496,-112.053599,33.527529
1276,4f3bdf0fe4b022039c516978,-112.07045,33.568959
1277,4f3d72bae4b0e602915e1c86,-111.994375,33.436931
1278,4f3e872fe4b03dd0244f9ba5,-112.18303600000002,33.640704
1279,4f400706e4b08b2472905ec8,-112.04759299999999,33.532775
1280,4f47c1d1e4b0cf7a0579ba93,-112.188515,33.570721999999996
1281,4f49579de4b0e44506e20dab,-111.946302,33.467998
1282,4f4abbc9e4b0a34d39f4f513,-112.126852,33.670478
1283,4f528409e4b0c416047dd154,-112.241024,33.465709000000004
1284,4f530cede4b006151550fd41,-112.02598799999998,33.421627
1285,4f5333dbe4b07de37c68b68f,-112.14595800000001,33.565239
1286,4f544165e4b09f74b9a1d732,-112.25526299999999,33.46488
1287,4f54e1c3e4b07c31b6162226,-112.010478,33.482119
1288,4f55b7e1e4b0a93011031d18,-112.148983,33.605484000000004
1289,4f58beb9e4b0a386de7139b3,-111.96075800000001,33.385883
1290,4f58d2d2e4b027eb92518121,-112.189656,33.571255
1291,4f58f66fe4b0e48a88020313,-112.16090600000001,33.61388400000001
1292,4f5c311be4b0a4baa33b8281,-112.077445,33.608244
1293,4f5f8a57e4b0253adeeae11a,-112.185295,33.66422
1294,4f5ffa96e4b0f492ad03a355,-112.078933,33.491809
1295,4f60295be4b066d8c4e00d7a,-112.16090600000001,33.667051
1296,4f61f038e4b034b45f22d082,-112.23348,33.462226
1297,4f63dcb3e4b036e3e774c83a,-112.184751,33.566852000000004
1298,4f642e55e4b036e3e7baaf0d,-112.065522,33.663666
1299,4f67d02d003938727b2aa48d,-112.070568,33.458835
1300,4f68b868e4b0c2cd00b64982,-112.15909099999999,33.454440000000005
1301,4f6977f0e4b0401846346aed,-111.971773,33.584064
1302,4f6b5eabe4b0bcd82682d10c,-112.11167900000001,33.517196999999996
1303,4f6be87ae4b0600330e57ea1,-112.086251,33.684088
1304,4f6fa37ee4b01d94feaf4d41,-112.008576,33.581751000000004
1305,4f73b443e4b0da86fc9bffbc,-112.047017,33.392934000000004
1306,4f740415e4b0c356cfe0a3ba,-111.962929,33.394474
1307,4f745ed6e4b0e7e859a200be,-112.049194,33.569093
1308,4f747f01e4b0250b7157a3e8,-112.095368,33.442362
1309,4f75c8b2e4b062e51d54e66c,-112.03336499999999,33.480647
1310,4f75dcebe4b0c0edd5e9b5e5,-112.06001100000002,33.538509999999995
1311,4f77657be4b040208c2e92f4,-112.02883500000002,33.50192
1312,4f77fbade4b06ff836b89b3c,-112.053599,33.570124
1313,4f7a8993e4b0b51585f824a3,-112.089368,33.574087
1314,4f7abb0ee4b02f1b2cb1a3a6,-112.16426299999999,33.373178
1315,4f7baef5e4b04f0337d694f7,-112.082303,33.449642
1316,4f7bd36de4b0d1da88746078,-112.077151,33.496049
1317,4f7c74eee4b02e0090b17aba,-112.044898,33.536206
1318,4f7de218e4b0f10f3d02f107,-111.989333,33.468926
1319,4f8158ace4b01e69d7cf7ecd,-112.017829,33.491577
1320,4f84e332e4b04578ff19b158,-112.255077,33.508821000000005
1321,4f8cb5f1e4b03758900ae5c0,-111.95984399999999,33.394441
1322,4f8cd869e4b009dda36a0a9b,-111.959553,33.394299
1323,4f8cf088e4b0e5ed77af2653,-112.067601,33.493879
1324,4f8dc22be4b009dda439162b,-112.09316100000001,33.639737
1325,4f90eb6fe4b0ff5a511aa025,-112.030698,33.449853000000004
1326,4f921105e4b09d83508bd9b0,-112.07197,33.448462
1327,4f950c6ae4b0ab5f0b228824,-112.065408,33.452234000000004
1328,4f963d8ae4b0f12350e66134,-112.100806,33.566201
1329,4f96bbe9e4b0266a4fba1957,-112.117199,33.611002
1330,4f9714550cd63b57ec3e9cb9,-112.266884,33.534741
1331,4f9bf72ee4b0873b671c0da4,-112.16921,33.377567
1332,4f9e2a03e4b0e9595c537e63,-112.01033799999999,33.481915
1333,4fa03f87e4b0f307264d1a52,-112.085412,33.666939
1334,4fa6f899e4b094b947781e0b,-112.292051,33.557279
1335,4fa74b2be4b0d607ba6d16a6,-112.077445,33.491122
1336,4fa7fe32e4b00c58462650ca,-112.147123,33.497796
1337,4fa976e3e4b01128c18f7ae1,-112.208596,33.466566
1338,4faac4fde4b0db927ca2c50c,-111.95973899999998,33.393947999999995
1339,4fab311ae4b09eda9f03a457,-111.97013500000001,33.489784
1340,4fb49ab0e4b0e0f14572f530,-112.003277,33.481963
1341,4fb4b532e4b0e2e801301aec,-112.010327,33.481959
1342,4fb6fe3ee4b07c52a64d83d6,-111.963075,33.412537
1343,4fb75247e4b0762202969fcc,-112.065729,33.436331
1344,4fb86a9be4b0bd07fdbad3c4,-112.02970800000001,33.466079
1345,4fb9afd1e4b05cad1ca6d4b1,-112.16090600000001,33.603246999999996
1346,4fba648de4b068706b7c7f36,-111.991033,33.480745
1347,4fba8cdee4b09a2fd5272af3,-111.977197,33.404187
1348,4fbb410fe4b039e2d71c6c4d,-112.060322,33.512265
1349,4fbbbe56e4b0b3a994e22134,-112.04808799999999,33.487823
1350,4fbe76fbe4b0ad49c0c01f73,-112.028608,33.463522
1351,4fc13ffde4b014a2d69f3435,-112.232441,33.547243
1352,4fc33f12e4b021b6e07c2134,-112.17282800000001,33.59037
1353,4fc38b32e4b074b879f0fb56,-111.976565,33.583138
1354,4fcd5699e4b0b62703c85834,-112.273397,33.418003999999996
1355,4fcdbf2ae4b0231f2c9f71ed,-112.005905,33.472479
1356,4fcea77ee4b0f54f28de8d29,-112.080272,33.641560999999996
1357,4fd1a9e0e4b012fef4d7b8bd,-112.005905,33.472479
1358,4fd37714e4b098b08254527e,-111.96288100000001,33.394517
1359,4fd3eadee4b0784189d6d148,-112.072604,33.447977
1360,4fd63511e4b0f961a8d9f982,-112.013003,33.506948
1361,4fde123de4b05991751dbadf,-112.041614,33.521958000000005
1362,4fe08b7710810d13d983100b,-112.196673,33.596526000000004
1363,4fe09d04e4b0ae1012f8d66f,-111.974911,33.636014
1364,4fe79686e4b047eae9d3b669,-112.043745,33.490595
1365,4ff45a8de4b0211bc17cb152,-112.01345900000001,33.511322
1366,4ffb27aae4b01d0822068ebe,-111.998019,33.435435
1367,50070ec9e4b02732c1148f47,-111.987784,33.448439
1368,500835fbe4b09bc759eb1b21,-112.09206699999999,33.5728
1369,5008a602e4b00e31373a4b86,-112.07351200000001,33.4791
1370,500db8d2e4b01eff325e2f55,-112.16904699999999,33.440559
1371,500ec0a8f2e77036666940ad,-111.999199,33.437243
1372,50119e9ce4b0d8233d3f114a,-112.10291299999999,33.611444
1373,5012db7ee4b01bcdb1997a16,-112.27307900000001,33.464043
1374,501cf582e4b0457aade4a403,-112.148983,33.562924
1375,501cf5c4e4b0944fadc25a2d,-112.148983,33.562924
1376,501f5ee5e4b0f5050cdeddc7,-112.148983,33.562924
1377,5028388216480b222d85a266,-112.08200500000001,33.466139
1378,502ac807e4b02d4e93003f14,-112.071574,33.457079
1379,502e83ede4b04de6f32ab1b3,-112.118224,33.580669
1380,503617c1e4b0a61420409eb0,-112.208785,33.4627
1381,503679b6e4b053240d1da69e,-112.187991,33.572164
1382,503c368be4b033d7851a0d62,-111.9962,33.487179
1383,503ffecae4b0379866a02af4,-112.194725,33.622475
1384,50411129e4b0a10506682d5e,-111.976699,33.584149
1385,504701a6e4b060eedec7651f,-112.041675,33.5191
1386,504d7998e4b00c01093b0897,-111.98251499999999,33.595299
1387,504e790de4b04e8bde93a54c,-112.08823600000001,33.500283
1388,5050352be4b04e8a4c1e58e5,-112.041271,33.505825
1389,5053ca0f4c7f6b5a28e9c718,-112.11921399999999,33.611435
1390,5056d35264a43b2f1bcc7f0b,-111.992075,33.509429
1391,50596de4e4b0dfb8b844febc,-112.089368,33.584731
1392,505b2350e4b0644ce24036cf,-112.082105,33.46539
1393,505bd79de4b07797493e30ba,-112.16090600000001,33.507462
1394,505f8618e4b0a054471fcec3,-112.08823600000001,33.500287
1395,50663ea3e4b03ce13a6533f5,-112.037521,33.461728
1396,5067fd2ae4b05eea703ba411,-112.146028,33.565174
1397,506d9c4ce4b0515e0ce4e958,-112.0366,33.507908
1398,506f9212e4b08ee526d83b4b,-112.24436299999999,33.470490999999996
1399,507d60bae4b0277b94247ce2,-112.16090600000001,33.507462
1400,50880b91e4b06cc8e89d7221,-112.234329,33.462223
1401,50919c64e4b01c28f4aad9a7,-111.99439199999999,33.436868
1402,509ab8e9e4b04fdbf4a730c8,-112.267145,33.535765999999995
1403,509b441fe4b0bd1e674b7fc1,-112.232441,33.483381
1404,509c4c9de4b044f7630fa7bc,-112.02644199999999,33.510543
1405,509d636c5d2463e871547eee,-112.06671200000001,33.445537
1406,50a0199be4b0d60e8eaa8d78,-112.280129,33.506333000000005
1407,50a43137e4b06e4d8e38409a,-112.271519,33.424287
1408,50a662e6e4b0060f4576bf1d,-112.267168,33.534499
1409,50a71c5ee4b0370ed03a2d83,-111.9488,33.451696999999996
1410,50a8455ee4b0354baec6da1d,-112.16662,33.503778999999994
1411,50a851e9e4b09f72f301c359,-112.166449,33.50393
1412,50a8e0ade4b0aeb88b93620f,-112.166614,33.503764000000004
1413,50b15018e4b05083c02271de,-112.074767,33.560558
1414,50b7454b498ea7a45b68323d,-112.017829,33.374283
1415,50e08a80e4b03fabf126b055,-112.256285,33.500184000000004
1416,50fd86a4e4b03e4eb6473167,-112.04620800000001,33.53757
1417,510ef8dee4b032fafcb9992c,-112.089368,33.488896000000004
1418,5112f444e4b09741d7285205,-112.06535,33.519556
1419,513133b1e4b08725fc7a3e6a,-112.12513700000001,33.524809999999995
1420,513416b2e4b0f53f9bd9a092,-112.077445,33.491122
1421,5137a8ebe4b0e335fef23ab7,-112.02869,33.510255
1422,513fbb3be4b0f3cc424fef29,-112.053599,33.527529
1423,5143ef21e4b0cec0728dd800,-112.280129,33.55953
1424,515fc8cce4b0b2d7ac7cd2a5,-111.99176299999999,33.457898
1425,51638f74e4b08b8f844f9fb5,-111.985129,33.434744
1426,5164cefce4b02138859b0ac2,-111.98786000000001,33.434808000000004
1427,517b3f7fe4b0a8be660f3184,-112.001077,33.462926
1428,517caf1be4b0a366cb7e4b4c,-112.09719,33.514749
1429,5193ab84498e453c9093f9f5,-111.98200000000001,33.618
